Workbook

Sheet DATOS REVISADOS
C1: PROCESAMIENTO DE EQUIPOS AUTOMATICOS CALIDAD DE AIRE | G1: Codigo: FO-PO-PSM-66-06
G2: Versiòn: 01
G3: Fecha : 26/08/2023
A4: Fecha | B4: #HHMM | C4: PM10 µg/m³ | D4: PM2.5 µg/m³ | E4: SO2 ppb | F4: NO ppb | G4: NO2 ppb | H4: NOX ppb
B5: 0
B6: 0.0069444444
B7: 0.013888889
B8: 0.020833333
B9: 0.027777778
B10: 0.034722222
B11: 0.041666667
B12: 0.048611111
B13: 0.055555556
B14: 0.0625
B15: 0.069444444
B16: 0.076388889
... B4612: 1.9930556

Sheet MET
A1: Date | B1: Time | C1: Temp | D1: Presion

Sheet DATOS X HORA
C1: ='DATOS REVISADOS'!C1:F3 -> PROCESAMIENTO DE EQUIPOS AUTOMATICOS CALIDAD DE AIRE | I1: Codigo: FO-PO-PSM-66-06
I2: Versiòn: 01
I3: Fecha : 26/08/2023
A4: Fecha | B4: #HHMM | C4: ='DATOS REVISADOS'!C4 -> PM10 µg/m³ | D4: ='DATOS REVISADOS'!D4 -> PM2.5 µg/m³ | E4: ='DATOS REVISADOS'!E4 -> SO2 ppb | F4: CO ppm | G4: O3 µg/m³ | H4: NO ppb | I4: NO2 ppb | J4: NOX ppb
B5: 3.7470027e-16 | C5: =IFERROR(AVERAGE(OFFSET('DATOS REVISADOS'!$C$5,(((ROW()-9)*6)+6)+18,0,6,1)),"-") -> - | D5: =IFERROR(AVERAGE(OFFSET('DATOS REVISADOS'!$D$5,(((ROW()-9)*6)+6)+18,0,6,1)),"-") -> - | E5: =IFERROR(AVERAGE(OFFSET('DATOS REVISADOS'!$E$5,(((ROW()-9)*6)+6)+18,0,6,1)),"-") -> - | H5: =IFERROR(AVERAGE(OFFSET('DATOS REVISADOS'!$F$5,(((ROW()-9)*6)+6)+18,0,6,1)),"-") -> - | I5: =IFERROR(AVERAGE(OFFSET('DATOS REVISADOS'!$G$5,(((ROW()-9)*6)+6)+18,0,6,1)),"-") -> - | J5: =+H5+I5 -> #VALUE!
B6: 0.041666667 | C6: =IFERROR(AVERAGE(OFFSET('DATOS REVISADOS'!$C$5,(((ROW()-9)*6)+6)+18,0,6,1)),"-") -> - | D6: =IFERROR(AVERAGE(OFFSET('DATOS REVISADOS'!$D$5,(((ROW()-9)*6)+6)+18,0,6,1)),"-") -> - | E6: =IFERROR(AVERAGE(OFFSET('DATOS REVISADOS'!$E$5,(((ROW()-9)*6)+6)+18,0,6,1)),"-") -> - | H6: =IFERROR(AVERAGE(OFFSET('DATOS REVISADOS'!$F$5,(((ROW()-9)*6)+6)+18,0,6,1)),"-") -> - | I6: =IFERROR(AVERAGE(OFFSET('DATOS REVISADOS'!$G$5,(((ROW()-9)*6)+6)+18,0,6,1)),"-") -> - | J6: =+H6+I6 -> #VALUE!
B7: =+$B$6+B6 -> 0.083333333 | C7: =IFERROR(AVERAGE(OFFSET('DATOS REVISADOS'!$C$5,(((ROW()-9)*6)+6)+18,0,6,1)),"-") -> - | D7: =IFERROR(AVERAGE(OFFSET('DATOS REVISADOS'!$D$5,(((ROW()-9)*6)+6)+18,0,6,1)),"-") -> - | E7: =IFERROR(AVERAGE(OFFSET('DATOS REVISADOS'!$E$5,(((ROW()-9)*6)+6)+18,0,6,1)),"-") -> - | H7: =IFERROR(AVERAGE(OFFSET('DATOS REVISADOS'!$F$5,(((ROW()-9)*6)+6)+18,0,6,1)),"-") -> - | I7: =IFERROR(AVERAGE(OFFSET('DATOS REVISADOS'!$G$5,(((ROW()-9)*6)+6)+18,0,6,1)),"-") -> - | J7: =+H7+I7 -> #VALUE!
B8: =+$B$6+B7 -> 0.125 | C8: =IFERROR(AVERAGE(OFFSET('DATOS REVISADOS'!$C$5,(((ROW()-9)*6)+6)+18,0,6,1)),"-") -> - | D8: =IFERROR(AVERAGE(OFFSET('DATOS REVISADOS'!$D$5,(((ROW()-9)*6)+6)+18,0,6,1)),"-") -> - | E8: =IFERROR(AVERAGE(OFFSET('DATOS REVISADOS'!$E$5,(((ROW()-9)*6)+6)+18,0,6,1)),"-") -> - | H8: =IFERROR(AVERAGE(OFFSET('DATOS REVISADOS'!$F$5,(((ROW()-9)*6)+6)+18,0,6,1)),"-") -> - | I8: =IFERROR(AVERAGE(OFFSET('DATOS REVISADOS'!$G$5,(((ROW()-9)*6)+6)+18,0,6,1)),"-") -> - | J8: =+H8+I8 -> #VALUE!
B9: =+$B$6+B8 -> 0.16666667 | C9: =IFERROR(AVERAGE(OFFSET('DATOS REVISADOS'!$C$5,(((ROW()-9)*6)+6)+18,0,6,1)),"-") -> - | D9: =IFERROR(AVERAGE(OFFSET('DATOS REVISADOS'!$D$5,(((ROW()-9)*6)+6)+18,0,6,1)),"-") -> - | E9: =IFERROR(AVERAGE(OFFSET('DATOS REVISADOS'!$E$5,(((ROW()-9)*6)+6)+18,0,6,1)),"-") -> - | H9: =IFERROR(AVERAGE(OFFSET('DATOS REVISADOS'!$F$5,(((ROW()-9)*6)+6)+18,0,6,1)),"-") -> - | I9: =IFERROR(AVERAGE(OFFSET('DATOS REVISADOS'!$G$5,(((ROW()-9)*6)+6)+18,0,6,1)),"-") -> - | J9: =+H9+I9 -> #VALUE!
B10: =+$B$6+B9 -> 0.20833333 | C10: =IFERROR(AVERAGE(OFFSET('DATOS REVISADOS'!$C$5,(((ROW()-9)*6)+6)+18,0,6,1)),"-") -> - | D10: =IFERROR(AVERAGE(OFFSET('DATOS REVISADOS'!$D$5,(((ROW()-9)*6)+6)+18,0,6,1)),"-") -> - | E10: =IFERROR(AVERAGE(OFFSET('DATOS REVISADOS'!$E$5,(((ROW()-9)*6)+6)+18,0,6,1)),"-") -> - | H10: =IFERROR(AVERAGE(OFFSET('DATOS REVISADOS'!$F$5,(((ROW()-9)*6)+6)+18,0,6,1)),"-") -> - | I10: =IFERROR(AVERAGE(OFFSET('DATOS REVISADOS'!$G$5,(((ROW()-9)*6)+6)+18,0,6,1)),"-") -> - | J10: =+H10+I10 -> #VALUE!
B11: =+$B$6+B10 -> 0.25 | C11: =IFERROR(AVERAGE(OFFSET('DATOS REVISADOS'!$C$5,(((ROW()-9)*6)+6)+18,0,6,1)),"-") -> - | D11: =IFERROR(AVERAGE(OFFSET('DATOS REVISADOS'!$D$5,(((ROW()-9)*6)+6)+18,0,6,1)),"-") -> - | E11: =IFERROR(AVERAGE(OFFSET('DATOS REVISADOS'!$E$5,(((ROW()-9)*6)+6)+18,0,6,1)),"-") -> - | H11: =IFERROR(AVERAGE(OFFSET('DATOS REVISADOS'!$F$5,(((ROW()-9)*6)+6)+18,0,6,1)),"-") -> - | I11: =IFERROR(AVERAGE(OFFSET('DATOS REVISADOS'!$G$5,(((ROW()-9)*6)+6)+18,0,6,1)),"-") -> - | J11: =+H11+I11 -> #VALUE!
B12: =+$B$6+B11 -> 0.29166667 | C12: =IFERROR(AVERAGE(OFFSET('DATOS REVISADOS'!$C$5,(((ROW()-9)*6)+6)+18,0,6,1)),"-") -> - | D12: =IFERROR(AVERAGE(OFFSET('DATOS REVISADOS'!$D$5,(((ROW()-9)*6)+6)+18,0,6,1)),"-") -> - | E12: =IFERROR(AVERAGE(OFFSET('DATOS REVISADOS'!$E$5,(((ROW()-9)*6)+6)+18,0,6,1)),"-") -> - | H12: =IFERROR(AVERAGE(OFFSET('DATOS REVISADOS'!$F$5,(((ROW()-9)*6)+6)+18,0,6,1)),"-") -> - | I12: =IFERROR(AVERAGE(OFFSET('DATOS REVISADOS'!$G$5,(((ROW()-9)*6)+6)+18,0,6,1)),"-") -> - | J12: =+H12+I12 -> #VALUE!
B13: =+$B$6+B12 -> 0.33333333 | C13: =IFERROR(AVERAGE(OFFSET('DATOS REVISADOS'!$C$5,(((ROW()-9)*6)+6)+18,0,6,1)),"-") -> - | D13: =IFERROR(AVERAGE(OFFSET('DATOS REVISADOS'!$D$5,(((ROW()-9)*6)+6)+18,0,6,1)),"-") -> - | E13: =IFERROR(AVERAGE(OFFSET('DATOS REVISADOS'!$E$5,(((ROW()-9)*6)+6)+18,0,6,1)),"-") -> - | H13: =IFERROR(AVERAGE(OFFSET('DATOS REVISADOS'!$F$5,(((ROW()-9)*6)+6)+18,0,6,1)),"-") -> - | I13: =IFERROR(AVERAGE(OFFSET('DATOS REVISADOS'!$G$5,(((ROW()-9)*6)+6)+18,0,6,1)),"-") -> - | J13: =+H13+I13 -> #VALUE!
B14: =+$B$6+B13 -> 0.375 | C14: =IFERROR(AVERAGE(OFFSET('DATOS REVISADOS'!$C$5,(((ROW()-9)*6)+6)+18,0,6,1)),"-") -> - | D14: =IFERROR(AVERAGE(OFFSET('DATOS REVISADOS'!$D$5,(((ROW()-9)*6)+6)+18,0,6,1)),"-") -> - | E14: =IFERROR(AVERAGE(OFFSET('DATOS REVISADOS'!$E$5,(((ROW()-9)*6)+6)+18,0,6,1)),"-") -> - | H14: =IFERROR(AVERAGE(OFFSET('DATOS REVISADOS'!$F$5,(((ROW()-9)*6)+6)+18,0,6,1)),"-") -> - | I14: =IFERROR(AVERAGE(OFFSET('DATOS REVISADOS'!$G$5,(((ROW()-9)*6)+6)+18,0,6,1)),"-") -> - | J14: =+H14+I14 -> #VALUE!
B15: =+$B$6+B14 -> 0.41666667 | C15: =IFERROR(AVERAGE(OFFSET('DATOS REVISADOS'!$C$5,(((ROW()-9)*6)+6)+18,0,6,1)),"-") -> - | D15: =IFERROR(AVERAGE(OFFSET('DATOS REVISADOS'!$D$5,(((ROW()-9)*6)+6)+18,0,6,1)),"-") -> - | E15: =IFERROR(AVERAGE(OFFSET('DATOS REVISADOS'!$E$5,(((ROW()-9)*6)+6)+18,0,6,1)),"-") -> - | H15: =IFERROR(AVERAGE(OFFSET('DATOS REVISADOS'!$F$5,(((ROW()-9)*6)+6)+18,0,6,1)),"-") -> - | I15: =IFERROR(AVERAGE(OFFSET('DATOS REVISADOS'!$G$5,(((ROW()-9)*6)+6)+18,0,6,1)),"-") -> - | J15: =+H15+I15 -> #VALUE!
B16: =+$B$6+B15 -> 0.45833333 | C16: =IFERROR(AVERAGE(OFFSET('DATOS REVISADOS'!$C$5,(((ROW()-9)*6)+6)+18,0,6,1)),"-") -> - | D16: =IFERROR(AVERAGE(OFFSET('DATOS REVISADOS'!$D$5,(((ROW()-9)*6)+6)+18,0,6,1)),"-") -> - | E16: =IFERROR(AVERAGE(OFFSET('DATOS REVISADOS'!$E$5,(((ROW()-9)*6)+6)+18,0,6,1)),"-") -> - | H16: =IFERROR(AVERAGE(OFFSET('DATOS REVISADOS'!$F$5,(((ROW()-9)*6)+6)+18,0,6,1)),"-") -> - | I16: =IFERROR(AVERAGE(OFFSET('DATOS REVISADOS'!$G$5,(((ROW()-9)*6)+6)+18,0,6,1)),"-") -> - | J16: =+H16+I16 -> #VALUE!
B17: =+$B$6+B16 -> 0.5 | C17: =IFERROR(AVERAGE(OFFSET('DATOS REVISADOS'!$C$5,(((ROW()-9)*6)+6)+18,0,6,1)),"-") -> - | D17: =IFERROR(AVERAGE(OFFSET('DATOS REVISADOS'!$D$5,(((ROW()-9)*6)+6)+18,0,6,1)),"-") -> - | E17: =IFERROR(AVERAGE(OFFSET('DATOS REVISADOS'!$E$5,(((ROW()-9)*6)+6)+18,0,6,1)),"-") -> - | H17: =IFERROR(AVERAGE(OFFSET('DATOS REVISADOS'!$F$5,(((ROW()-9)*6)+6)+18,0,6,1)),"-") -> - | I17: =IFERROR(AVERAGE(OFFSET('DATOS REVISADOS'!$G$5,(((ROW()-9)*6)+6)+18,0,6,1)),"-") -> - | J17: =+H17+I17 -> #VALUE!
B18: =+$B$6+B17 -> 0.54166667 | C18: =IFERROR(AVERAGE(OFFSET('DATOS REVISADOS'!$C$5,(((ROW()-9)*6)+6)+18,0,6,1)),"-") -> - | D18: =IFERROR(AVERAGE(OFFSET('DATOS REVISADOS'!$D$5,(((ROW()-9)*6)+6)+18,0,6,1)),"-") -> - | E18: =IFERROR(AVERAGE(OFFSET('DATOS REVISADOS'!$E$5,(((ROW()-9)*6)+6)+18,0,6,1)),"-") -> - | H18: =IFERROR(AVERAGE(OFFSET('DATOS REVISADOS'!$F$5,(((ROW()-9)*6)+6)+18,0,6,1)),"-") -> - | I18: =IFERROR(AVERAGE(OFFSET('DATOS REVISADOS'!$G$5,(((ROW()-9)*6)+6)+18,0,6,1)),"-") -> - | J18: =+H18+I18 -> #VALUE!
... B370: =+$B$6+B369 -> 15.208333 | C370: =IFERROR(AVERAGE(OFFSET('DATOS REVISADOS'!$C$5,(((ROW()-9)*6)+6)+18,0,6,1)),"-") -> - | D370: =IFERROR(AVERAGE(OFFSET('DATOS REVISADOS'!$D$5,(((ROW()-9)*6)+6)+18,0,6,1)),"-") -> - | E370: =IFERROR(AVERAGE(OFFSET('DATOS REVISADOS'!$E$5,(((ROW()-9)*6)+6)+18,0,6,1)),"-") -> - | H370: =IFERROR(AVERAGE(OFFSET('DATOS REVISADOS'!$F$5,(((ROW()-9)*6)+6)+18,0,6,1)),"-") -> - | I370: =IFERROR(AVERAGE(OFFSET('DATOS REVISADOS'!$G$5,(((ROW()-9)*6)+6)+18,0,6,1)),"-") -> - | J370: =+H370+I370 -> #VALUE!
B371: =+$B$6+B370 -> 15.25 | C371: =IFERROR(AVERAGE(OFFSET('DATOS REVISADOS'!$C$5,(((ROW()-9)*6)+6)+18,0,6,1)),"-") -> - | D371: =IFERROR(AVERAGE(OFFSET('DATOS REVISADOS'!$D$5,(((ROW()-9)*6)+6)+18,0,6,1)),"-") -> - | E371: =IFERROR(AVERAGE(OFFSET('DATOS REVISADOS'!$E$5,(((ROW()-9)*6)+6)+18,0,6,1)),"-") -> - | H371: =IFERROR(AVERAGE(OFFSET('DATOS REVISADOS'!$F$5,(((ROW()-9)*6)+6)+18,0,6,1)),"-") -> - | I371: =IFERROR(AVERAGE(OFFSET('DATOS REVISADOS'!$G$5,(((ROW()-9)*6)+6)+18,0,6,1)),"-") -> -
B372: =+$B$6+B371 -> 15.291667 | C372: =IFERROR(AVERAGE(OFFSET('DATOS REVISADOS'!$C$5,(((ROW()-9)*6)+6)+18,0,6,1)),"-") -> - | D372: =IFERROR(AVERAGE(OFFSET('DATOS REVISADOS'!$D$5,(((ROW()-9)*6)+6)+18,0,6,1)),"-") -> - | E372: =IFERROR(AVERAGE(OFFSET('DATOS REVISADOS'!$E$5,(((ROW()-9)*6)+6)+18,0,6,1)),"-") -> - | H372: =IFERROR(AVERAGE(OFFSET('DATOS REVISADOS'!$F$5,(((ROW()-9)*6)+6)+18,0,6,1)),"-") -> - | I372: =IFERROR(AVERAGE(OFFSET('DATOS REVISADOS'!$G$5,(((ROW()-9)*6)+6)+18,0,6,1)),"-") -> - | J372: =+H372+I372 -> #VALUE!
B373: =+$B$6+B372 -> 15.333333 | C373: =IFERROR(AVERAGE(OFFSET('DATOS REVISADOS'!$C$5,(((ROW()-9)*6)+6)+18,0,6,1)),"-") -> - | D373: =IFERROR(AVERAGE(OFFSET('DATOS REVISADOS'!$D$5,(((ROW()-9)*6)+6)+18,0,6,1)),"-") -> - | E373: =IFERROR(AVERAGE(OFFSET('DATOS REVISADOS'!$E$5,(((ROW()-9)*6)+6)+18,0,6,1)),"-") -> - | H373: =IFERROR(AVERAGE(OFFSET('DATOS REVISADOS'!$F$5,(((ROW()-9)*6)+6)+18,0,6,1)),"-") -> - | I373: =IFERROR(AVERAGE(OFFSET('DATOS REVISADOS'!$G$5,(((ROW()-9)*6)+6)+18,0,6,1)),"-") -> - | J373: =+H373+I373 -> #VALUE!
B374: =+$B$6+B373 -> 15.375 | C374: =IFERROR(AVERAGE(OFFSET('DATOS REVISADOS'!$C$5,(((ROW()-9)*6)+6)+18,0,6,1)),"-") -> - | D374: =IFERROR(AVERAGE(OFFSET('DATOS REVISADOS'!$D$5,(((ROW()-9)*6)+6)+18,0,6,1)),"-") -> - | E374: =IFERROR(AVERAGE(OFFSET('DATOS REVISADOS'!$E$5,(((ROW()-9)*6)+6)+18,0,6,1)),"-") -> - | H374: =IFERROR(AVERAGE(OFFSET('DATOS REVISADOS'!$F$5,(((ROW()-9)*6)+6)+18,0,6,1)),"-") -> - | I374: =IFERROR(AVERAGE(OFFSET('DATOS REVISADOS'!$G$5,(((ROW()-9)*6)+6)+18,0,6,1)),"-") -> - | J374: =+H374+I374 -> #VALUE!
B375: =+$B$6+B374 -> 15.416667 | C375: =IFERROR(AVERAGE(OFFSET('DATOS REVISADOS'!$C$5,(((ROW()-9)*6)+6)+18,0,6,1)),"-") -> - | D375: =IFERROR(AVERAGE(OFFSET('DATOS REVISADOS'!$D$5,(((ROW()-9)*6)+6)+18,0,6,1)),"-") -> - | E375: =IFERROR(AVERAGE(OFFSET('DATOS REVISADOS'!$E$5,(((ROW()-9)*6)+6)+18,0,6,1)),"-") -> - | H375: =IFERROR(AVERAGE(OFFSET('DATOS REVISADOS'!$F$5,(((ROW()-9)*6)+6)+18,0,6,1)),"-") -> - | I375: =IFERROR(AVERAGE(OFFSET('DATOS REVISADOS'!$G$5,(((ROW()-9)*6)+6)+18,0,6,1)),"-") -> - | J375: =+H375+I375 -> #VALUE!
B376: =+$B$6+B375 -> 15.458333 | C376: =IFERROR(AVERAGE(OFFSET('DATOS REVISADOS'!$C$5,(((ROW()-9)*6)+6)+18,0,6,1)),"-") -> - | D376: =IFERROR(AVERAGE(OFFSET('DATOS REVISADOS'!$D$5,(((ROW()-9)*6)+6)+18,0,6,1)),"-") -> - | E376: =IFERROR(AVERAGE(OFFSET('DATOS REVISADOS'!$E$5,(((ROW()-9)*6)+6)+18,0,6,1)),"-") -> - | H376: =IFERROR(AVERAGE(OFFSET('DATOS REVISADOS'!$F$5,(((ROW()-9)*6)+6)+18,0,6,1)),"-") -> - | I376: =IFERROR(AVERAGE(OFFSET('DATOS REVISADOS'!$G$5,(((ROW()-9)*6)+6)+18,0,6,1)),"-") -> - | J376: =+H376+I376 -> #VALUE!
B377: =+$B$6+B376 -> 15.5 | C377: =IFERROR(AVERAGE(OFFSET('DATOS REVISADOS'!$C$5,(((ROW()-9)*6)+6)+18,0,6,1)),"-") -> - | D377: =IFERROR(AVERAGE(OFFSET('DATOS REVISADOS'!$D$5,(((ROW()-9)*6)+6)+18,0,6,1)),"-") -> - | E377: =IFERROR(AVERAGE(OFFSET('DATOS REVISADOS'!$E$5,(((ROW()-9)*6)+6)+18,0,6,1)),"-") -> - | H377: =IFERROR(AVERAGE(OFFSET('DATOS REVISADOS'!$F$5,(((ROW()-9)*6)+6)+18,0,6,1)),"-") -> - | I377: =IFERROR(AVERAGE(OFFSET('DATOS REVISADOS'!$G$5,(((ROW()-9)*6)+6)+18,0,6,1)),"-") -> - | J377: =+H377+I377 -> #VALUE!
B378: =+$B$6+B377 -> 15.541667 | C378: =IFERROR(AVERAGE(OFFSET('DATOS REVISADOS'!$C$5,(((ROW()-9)*6)+6)+18,0,6,1)),"-") -> - | D378: =IFERROR(AVERAGE(OFFSET('DATOS REVISADOS'!$D$5,(((ROW()-9)*6)+6)+18,0,6,1)),"-") -> - | E378: =IFERROR(AVERAGE(OFFSET('DATOS REVISADOS'!$E$5,(((ROW()-9)*6)+6)+18,0,6,1)),"-") -> - | H378: =IFERROR(AVERAGE(OFFSET('DATOS REVISADOS'!$F$5,(((ROW()-9)*6)+6)+18,0,6,1)),"-") -> - | I378: =IFERROR(AVERAGE(OFFSET('DATOS REVISADOS'!$G$5,(((ROW()-9)*6)+6)+18,0,6,1)),"-") -> - | J378: =+H378+I378 -> #VALUE!
B379: =+$B$6+B378 -> 15.583333 | C379: =IFERROR(AVERAGE(OFFSET('DATOS REVISADOS'!$C$5,(((ROW()-9)*6)+6)+18,0,6,1)),"-") -> - | D379: =IFERROR(AVERAGE(OFFSET('DATOS REVISADOS'!$D$5,(((ROW()-9)*6)+6)+18,0,6,1)),"-") -> - | E379: =IFERROR(AVERAGE(OFFSET('DATOS REVISADOS'!$E$5,(((ROW()-9)*6)+6)+18,0,6,1)),"-") -> - | H379: =IFERROR(AVERAGE(OFFSET('DATOS REVISADOS'!$F$5,(((ROW()-9)*6)+6)+18,0,6,1)),"-") -> - | I379: =IFERROR(AVERAGE(OFFSET('DATOS REVISADOS'!$G$5,(((ROW()-9)*6)+6)+18,0,6,1)),"-") -> - | J379: =+H379+I379 -> #VALUE!
B380: =+$B$6+B379 -> 15.625 | C380: =IFERROR(AVERAGE(OFFSET('DATOS REVISADOS'!$C$5,(((ROW()-9)*6)+6)+18,0,6,1)),"-") -> - | D380: =IFERROR(AVERAGE(OFFSET('DATOS REVISADOS'!$D$5,(((ROW()-9)*6)+6)+18,0,6,1)),"-") -> - | E380: =IFERROR(AVERAGE(OFFSET('DATOS REVISADOS'!$E$5,(((ROW()-9)*6)+6)+18,0,6,1)),"-") -> - | H380: =IFERROR(AVERAGE(OFFSET('DATOS REVISADOS'!$F$5,(((ROW()-9)*6)+6)+18,0,6,1)),"-") -> - | I380: =IFERROR(AVERAGE(OFFSET('DATOS REVISADOS'!$G$5,(((ROW()-9)*6)+6)+18,0,6,1)),"-") -> - | J380: =+H380+I380 -> #VALUE!
B381: =+$B$6+B380 -> 15.666667 | C381: =IFERROR(AVERAGE(OFFSET('DATOS REVISADOS'!$C$5,(((ROW()-9)*6)+6)+18,0,6,1)),"-") -> - | D381: =IFERROR(AVERAGE(OFFSET('DATOS REVISADOS'!$D$5,(((ROW()-9)*6)+6)+18,0,6,1)),"-") -> - | E381: =IFERROR(AVERAGE(OFFSET('DATOS REVISADOS'!$E$5,(((ROW()-9)*6)+6)+18,0,6,1)),"-") -> - | H381: =IFERROR(AVERAGE(OFFSET('DATOS REVISADOS'!$F$5,(((ROW()-9)*6)+6)+18,0,6,1)),"-") -> - | I381: =IFERROR(AVERAGE(OFFSET('DATOS REVISADOS'!$G$5,(((ROW()-9)*6)+6)+18,0,6,1)),"-") -> - | J381: =+H381+I381 -> #VALUE!
B382: =+$B$6+B381 -> 15.708333 | C382: =IFERROR(AVERAGE(OFFSET('DATOS REVISADOS'!$C$5,(((ROW()-9)*6)+6)+18,0,6,1)),"-") -> - | D382: =IFERROR(AVERAGE(OFFSET('DATOS REVISADOS'!$D$5,(((ROW()-9)*6)+6)+18,0,6,1)),"-") -> - | E382: =IFERROR(AVERAGE(OFFSET('DATOS REVISADOS'!$E$5,(((ROW()-9)*6)+6)+18,0,6,1)),"-") -> - | H382: =IFERROR(AVERAGE(OFFSET('DATOS REVISADOS'!$F$5,(((ROW()-9)*6)+6)+18,0,6,1)),"-") -> - | I382: =IFERROR(AVERAGE(OFFSET('DATOS REVISADOS'!$G$5,(((ROW()-9)*6)+6)+18,0,6,1)),"-") -> - | J382: =+H382+I382 -> #VALUE!
B383: =+$B$6+B382 -> 15.75 | C383: =IFERROR(AVERAGE(OFFSET('DATOS REVISADOS'!$C$5,(((ROW()-9)*6)+6)+18,0,6,1)),"-") -> - | D383: =IFERROR(AVERAGE(OFFSET('DATOS REVISADOS'!$D$5,(((ROW()-9)*6)+6)+18,0,6,1)),"-") -> - | E383: =IFERROR(AVERAGE(OFFSET('DATOS REVISADOS'!$E$5,(((ROW()-9)*6)+6)+18,0,6,1)),"-") -> - | H383: =IFERROR(AVERAGE(OFFSET('DATOS REVISADOS'!$F$5,(((ROW()-9)*6)+6)+18,0,6,1)),"-") -> - | I383: =IFERROR(AVERAGE(OFFSET('DATOS REVISADOS'!$G$5,(((ROW()-9)*6)+6)+18,0,6,1)),"-") -> - | J383: =+H383+I383 -> #VALUE!
... B772: =+$B$6+B771 -> 31.958333 | C772: =IFERROR(AVERAGE(OFFSET('DATOS REVISADOS'!$C$5,(((ROW()-9)*6)+6)+18,0,6,1)),"-") -> - | D772: =IFERROR(AVERAGE(OFFSET('DATOS REVISADOS'!$D$5,(((ROW()-9)*6)+6)+18,0,6,1)),"-") -> - | E772: =IFERROR(AVERAGE(OFFSET('DATOS REVISADOS'!$E$5,(((ROW()-9)*6)+6)+18,0,6,1)),"-") -> - | H772: =IFERROR(AVERAGE(OFFSET('DATOS REVISADOS'!$F$5,(((ROW()-9)*6)+6)+18,0,6,1)),"-") -> - | I772: =IFERROR(AVERAGE(OFFSET('DATOS REVISADOS'!$G$5,(((ROW()-9)*6)+6)+18,0,6,1)),"-") -> - | J772: =+H772+I772 -> #VALUE!

Sheet DATOS CORREGIDOS
D1: ='DATOS X HORA'!$C$1 -> PROCESAMIENTO DE EQUIPOS AUTOMATICOS CALIDAD DE AIRE | I1: Codigo: FO-PO-PSM-66-06
I2: Versiòn: 01
I3: Fecha : 26/08/2023
A4: RESULTADOS CORREGIDOS A CONDICIONES DE REFERENCIA
A5: Fecha | B5: #HHMM | C5: Temp,°C | D5: Presión,mmHg | E5: PM10 (µg/m³) | F5: PM2,5 (µg/m³) | G5: SO2 (µg/m³) | H5: CO (µg/m³) | I5: O3 (µg/m³) | J5: NO2 (µg/m³)
B6: =+'DATOS X HORA'!B5 -> 3.7470027e-16 | C6: =IFERROR(AVERAGE(OFFSET(MET!$C$2,(((ROW()-5)*2)+2)-4,0,2,1)),"-") -> - | D6: =IFERROR(AVERAGE(OFFSET(MET!$D$2,(((ROW()-5)*2)+2)-4,0,2,1)),"-") -> - | E6: =IFERROR(('DATOS X HORA'!C5)*((C6+273.15)*760)/(298.15*D6),"-") -> - | F6: =IFERROR(('DATOS X HORA'!D5)*((C6+273.15)*760)/(298.15*D6),"-") -> - | G6: =IFERROR(('DATOS X HORA'!E5*64.058/24.45)*((C6+273.15)*760)/(298.15*D6),"-") -> - | H6: =IFERROR((('DATOS X HORA'!F5*28.01/24.45)*1000)*((C6+273.15)*760)/(298.15*D6),"-") -> - | I6: =IFERROR((('DATOS X HORA'!G5)*((C6+273.15)*760)/(298.15*D6)),"-") -> - | J6: =IFERROR((('DATOS X HORA'!I5*46.005/24.45))*((C6+273.15)*760)/(298.15*D6),"-") -> -
B7: =+'DATOS X HORA'!B6 -> 0.041666667 | C7: =IFERROR(AVERAGE(OFFSET(MET!$C$2,(((ROW()-5)*2)+2)-4,0,2,1)),"-") -> - | D7: =IFERROR(AVERAGE(OFFSET(MET!$D$2,(((ROW()-5)*2)+2)-4,0,2,1)),"-") -> - | E7: =IFERROR(('DATOS X HORA'!C6)*((C7+273.15)*760)/(298.15*D7),"-") -> - | F7: =IFERROR(('DATOS X HORA'!D6)*((C7+273.15)*760)/(298.15*D7),"-") -> - | G7: =IFERROR(('DATOS X HORA'!E6*64.058/24.45)*((C7+273.15)*760)/(298.15*D7),"-") -> - | H7: =IFERROR((('DATOS X HORA'!F6*28.01/24.45)*1000)*((C7+273.15)*760)/(298.15*D7),"-") -> - | I7: =IFERROR((('DATOS X HORA'!G6)*((C7+273.15)*760)/(298.15*D7)),"-") -> - | J7: =IFERROR((('DATOS X HORA'!I6*46.005/24.45))*((C7+273.15)*760)/(298.15*D7),"-") -> -
B8: =+'DATOS X HORA'!B7 -> 0.083333333 | C8: =IFERROR(AVERAGE(OFFSET(MET!$C$2,(((ROW()-5)*2)+2)-4,0,2,1)),"-") -> - | D8: =IFERROR(AVERAGE(OFFSET(MET!$D$2,(((ROW()-5)*2)+2)-4,0,2,1)),"-") -> - | E8: =IFERROR(('DATOS X HORA'!C7)*((C8+273.15)*760)/(298.15*D8),"-") -> - | F8: =IFERROR(('DATOS X HORA'!D7)*((C8+273.15)*760)/(298.15*D8),"-") -> - | G8: =IFERROR(('DATOS X HORA'!E7*64.058/24.45)*((C8+273.15)*760)/(298.15*D8),"-") -> - | H8: =IFERROR((('DATOS X HORA'!F7*28.01/24.45)*1000)*((C8+273.15)*760)/(298.15*D8),"-") -> - | I8: =IFERROR((('DATOS X HORA'!G7)*((C8+273.15)*760)/(298.15*D8)),"-") -> - | J8: =IFERROR((('DATOS X HORA'!I7*46.005/24.45))*((C8+273.15)*760)/(298.15*D8),"-") -> -
B9: =+'DATOS X HORA'!B8 -> 0.125 | C9: =IFERROR(AVERAGE(OFFSET(MET!$C$2,(((ROW()-5)*2)+2)-4,0,2,1)),"-") -> - | D9: =IFERROR(AVERAGE(OFFSET(MET!$D$2,(((ROW()-5)*2)+2)-4,0,2,1)),"-") -> - | E9: =IFERROR(('DATOS X HORA'!C8)*((C9+273.15)*760)/(298.15*D9),"-") -> - | F9: =IFERROR(('DATOS X HORA'!D8)*((C9+273.15)*760)/(298.15*D9),"-") -> - | G9: =IFERROR(('DATOS X HORA'!E8*64.058/24.45)*((C9+273.15)*760)/(298.15*D9),"-") -> - | H9: =IFERROR((('DATOS X HORA'!F8*28.01/24.45)*1000)*((C9+273.15)*760)/(298.15*D9),"-") -> - | I9: =IFERROR((('DATOS X HORA'!G8)*((C9+273.15)*760)/(298.15*D9)),"-") -> - | J9: =IFERROR((('DATOS X HORA'!I8*46.005/24.45))*((C9+273.15)*760)/(298.15*D9),"-") -> -
B10: =+'DATOS X HORA'!B9 -> 0.16666667 | C10: =IFERROR(AVERAGE(OFFSET(MET!$C$2,(((ROW()-5)*2)+2)-4,0,2,1)),"-") -> - | D10: =IFERROR(AVERAGE(OFFSET(MET!$D$2,(((ROW()-5)*2)+2)-4,0,2,1)),"-") -> - | E10: =IFERROR(('DATOS X HORA'!C9)*((C10+273.15)*760)/(298.15*D10),"-") -> - | F10: =IFERROR(('DATOS X HORA'!D9)*((C10+273.15)*760)/(298.15*D10),"-") -> - | G10: =IFERROR(('DATOS X HORA'!E9*64.058/24.45)*((C10+273.15)*760)/(298.15*D10),"-") -> - | H10: =IFERROR((('DATOS X HORA'!F9*28.01/24.45)*1000)*((C10+273.15)*760)/(298.15*D10),"-") -> - | I10: =IFERROR((('DATOS X HORA'!G9)*((C10+273.15)*760)/(298.15*D10)),"-") -> - | J10: =IFERROR((('DATOS X HORA'!I9*46.005/24.45))*((C10+273.15)*760)/(298.15*D10),"-") -> -
B11: =+'DATOS X HORA'!B10 -> 0.20833333 | C11: =IFERROR(AVERAGE(OFFSET(MET!$C$2,(((ROW()-5)*2)+2)-4,0,2,1)),"-") -> - | D11: =IFERROR(AVERAGE(OFFSET(MET!$D$2,(((ROW()-5)*2)+2)-4,0,2,1)),"-") -> - | E11: =IFERROR(('DATOS X HORA'!C10)*((C11+273.15)*760)/(298.15*D11),"-") -> - | F11: =IFERROR(('DATOS X HORA'!D10)*((C11+273.15)*760)/(298.15*D11),"-") -> - | G11: =IFERROR(('DATOS X HORA'!E10*64.058/24.45)*((C11+273.15)*760)/(298.15*D11),"-") -> - | H11: =IFERROR((('DATOS X HORA'!F10*28.01/24.45)*1000)*((C11+273.15)*760)/(298.15*D11),"-") -> - | I11: =IFERROR((('DATOS X HORA'!G10)*((C11+273.15)*760)/(298.15*D11)),"-") -> - | J11: =IFERROR((('DATOS X HORA'!I10*46.005/24.45))*((C11+273.15)*760)/(298.15*D11),"-") -> -
B12: =+'DATOS X HORA'!B11 -> 0.25 | C12: =IFERROR(AVERAGE(OFFSET(MET!$C$2,(((ROW()-5)*2)+2)-4,0,2,1)),"-") -> - | D12: =IFERROR(AVERAGE(OFFSET(MET!$D$2,(((ROW()-5)*2)+2)-4,0,2,1)),"-") -> - | E12: =IFERROR(('DATOS X HORA'!C11)*((C12+273.15)*760)/(298.15*D12),"-") -> - | F12: =IFERROR(('DATOS X HORA'!D11)*((C12+273.15)*760)/(298.15*D12),"-") -> - | G12: =IFERROR(('DATOS X HORA'!E11*64.058/24.45)*((C12+273.15)*760)/(298.15*D12),"-") -> - | H12: =IFERROR((('DATOS X HORA'!F11*28.01/24.45)*1000)*((C12+273.15)*760)/(298.15*D12),"-") -> - | I12: =IFERROR((('DATOS X HORA'!G11)*((C12+273.15)*760)/(298.15*D12)),"-") -> - | J12: =IFERROR((('DATOS X HORA'!I11*46.005/24.45))*((C12+273.15)*760)/(298.15*D12),"-") -> -
B13: =+'DATOS X HORA'!B12 -> 0.29166667 | C13: =IFERROR(AVERAGE(OFFSET(MET!$C$2,(((ROW()-5)*2)+2)-4,0,2,1)),"-") -> - | D13: =IFERROR(AVERAGE(OFFSET(MET!$D$2,(((ROW()-5)*2)+2)-4,0,2,1)),"-") -> - | E13: =IFERROR(('DATOS X HORA'!C12)*((C13+273.15)*760)/(298.15*D13),"-") -> - | F13: =IFERROR(('DATOS X HORA'!D12)*((C13+273.15)*760)/(298.15*D13),"-") -> - | G13: =IFERROR(('DATOS X HORA'!E12*64.058/24.45)*((C13+273.15)*760)/(298.15*D13),"-") -> - | H13: =IFERROR((('DATOS X HORA'!F12*28.01/24.45)*1000)*((C13+273.15)*760)/(298.15*D13),"-") -> - | I13: =IFERROR((('DATOS X HORA'!G12)*((C13+273.15)*760)/(298.15*D13)),"-") -> - | J13: =IFERROR((('DATOS X HORA'!I12*46.005/24.45))*((C13+273.15)*760)/(298.15*D13),"-") -> -
B14: =+'DATOS X HORA'!B13 -> 0.33333333 | C14: =IFERROR(AVERAGE(OFFSET(MET!$C$2,(((ROW()-5)*2)+2)-4,0,2,1)),"-") -> - | D14: =IFERROR(AVERAGE(OFFSET(MET!$D$2,(((ROW()-5)*2)+2)-4,0,2,1)),"-") -> - | E14: =IFERROR(('DATOS X HORA'!C13)*((C14+273.15)*760)/(298.15*D14),"-") -> - | F14: =IFERROR(('DATOS X HORA'!D13)*((C14+273.15)*760)/(298.15*D14),"-") -> - | G14: =IFERROR(('DATOS X HORA'!E13*64.058/24.45)*((C14+273.15)*760)/(298.15*D14),"-") -> - | H14: =IFERROR((('DATOS X HORA'!F13*28.01/24.45)*1000)*((C14+273.15)*760)/(298.15*D14),"-") -> - | I14: =IFERROR((('DATOS X HORA'!G13)*((C14+273.15)*760)/(298.15*D14)),"-") -> - | J14: =IFERROR((('DATOS X HORA'!I13*46.005/24.45))*((C14+273.15)*760)/(298.15*D14),"-") -> -
B15: =+'DATOS X HORA'!B14 -> 0.375 | C15: =IFERROR(AVERAGE(OFFSET(MET!$C$2,(((ROW()-5)*2)+2)-4,0,2,1)),"-") -> - | D15: =IFERROR(AVERAGE(OFFSET(MET!$D$2,(((ROW()-5)*2)+2)-4,0,2,1)),"-") -> - | E15: =IFERROR(('DATOS X HORA'!C14)*((C15+273.15)*760)/(298.15*D15),"-") -> - | F15: =IFERROR(('DATOS X HORA'!D14)*((C15+273.15)*760)/(298.15*D15),"-") -> - | G15: =IFERROR(('DATOS X HORA'!E14*64.058/24.45)*((C15+273.15)*760)/(298.15*D15),"-") -> - | H15: =IFERROR((('DATOS X HORA'!F14*28.01/24.45)*1000)*((C15+273.15)*760)/(298.15*D15),"-") -> - | I15: =IFERROR((('DATOS X HORA'!G14)*((C15+273.15)*760)/(298.15*D15)),"-") -> - | J15: =IFERROR((('DATOS X HORA'!I14*46.005/24.45))*((C15+273.15)*760)/(298.15*D15),"-") -> -
B16: =+'DATOS X HORA'!B15 -> 0.41666667 | C16: =IFERROR(AVERAGE(OFFSET(MET!$C$2,(((ROW()-5)*2)+2)-4,0,2,1)),"-") -> - | D16: =IFERROR(AVERAGE(OFFSET(MET!$D$2,(((ROW()-5)*2)+2)-4,0,2,1)),"-") -> - | E16: =IFERROR(('DATOS X HORA'!C15)*((C16+273.15)*760)/(298.15*D16),"-") -> - | F16: =IFERROR(('DATOS X HORA'!D15)*((C16+273.15)*760)/(298.15*D16),"-") -> - | G16: =IFERROR(('DATOS X HORA'!E15*64.058/24.45)*((C16+273.15)*760)/(298.15*D16),"-") -> - | H16: =IFERROR((('DATOS X HORA'!F15*28.01/24.45)*1000)*((C16+273.15)*760)/(298.15*D16),"-") -> - | I16: =IFERROR((('DATOS X HORA'!G15)*((C16+273.15)*760)/(298.15*D16)),"-") -> - | J16: =IFERROR((('DATOS X HORA'!I15*46.005/24.45))*((C16+273.15)*760)/(298.15*D16),"-") -> -
B17: =+'DATOS X HORA'!B16 -> 0.45833333 | C17: =IFERROR(AVERAGE(OFFSET(MET!$C$2,(((ROW()-5)*2)+2)-4,0,2,1)),"-") -> - | D17: =IFERROR(AVERAGE(OFFSET(MET!$D$2,(((ROW()-5)*2)+2)-4,0,2,1)),"-") -> - | E17: =IFERROR(('DATOS X HORA'!C16)*((C17+273.15)*760)/(298.15*D17),"-") -> - | F17: =IFERROR(('DATOS X HORA'!D16)*((C17+273.15)*760)/(298.15*D17),"-") -> - | G17: =IFERROR(('DATOS X HORA'!E16*64.058/24.45)*((C17+273.15)*760)/(298.15*D17),"-") -> - | H17: =IFERROR((('DATOS X HORA'!F16*28.01/24.45)*1000)*((C17+273.15)*760)/(298.15*D17),"-") -> - | I17: =IFERROR((('DATOS X HORA'!G16)*((C17+273.15)*760)/(298.15*D17)),"-") -> - | J17: =IFERROR((('DATOS X HORA'!I16*46.005/24.45))*((C17+273.15)*760)/(298.15*D17),"-") -> -
... B773: =+'DATOS X HORA'!B772 -> 31.958333 | C773: =IFERROR(AVERAGE(OFFSET(MET!$C$2,(((ROW()-5)*2)+2)-4,0,2,1)),"-") -> - | D773: =IFERROR(AVERAGE(OFFSET(MET!$D$2,(((ROW()-5)*2)+2)-4,0,2,1)),"-") -> - | E773: =IFERROR(('DATOS X HORA'!C772)*((C773+273.15)*760)/(298.15*D773),"-") -> - | F773: =IFERROR(('DATOS X HORA'!D772)*((C773+273.15)*760)/(298.15*D773),"-") -> - | G773: =IFERROR(('DATOS X HORA'!E772*64.058/24.45)*((C773+273.15)*760)/(298.15*D773),"-") -> - | H773: =IFERROR((('DATOS X HORA'!F772*28.01/24.45)*1000)*((C773+273.15)*760)/(298.15*D773),"-") -> - | I773: =IFERROR((('DATOS X HORA'!G772)*((C773+273.15)*760)/(298.15*D773)),"-") -> - | J773: =IFERROR((('DATOS X HORA'!I772*46.005/24.45))*((C773+273.15)*760)/(298.15*D773),"-") -> -

Sheet COMPARACIÓN 24H
C1: ='DATOS CORREGIDOS'!D1 -> PROCESAMIENTO DE EQUIPOS AUTOMATICOS CALIDAD DE AIRE | I1: Codigo: FO-PO-PSM-66-06
I2: Versiòn: 01
I3: Fecha : 26/08/2023
A4: COMPARACION CON NORMA 24 HORAS
A5: FECHA | B5: PROMEDIOS 24 HORAS | E5: LÍMITES NORMATIVOS RES. 2254/2017
B6: PM10 (µg/m³) | C6: PM2,5 (µg/m³) | D6: SO2 (µg/m³) | E6: PM10 | G6: PM2,5 | I6: SO2
E7: Norma 24h | F7: Cumplimiento | G7: Norma 24h | H7: Cumplimiento | I7: Norma 24h | J7: Cumplimiento
A8: =IFERROR(AVERAGE(OFFSET('DATOS CORREGIDOS'!$A$6,(((ROW()-27)*24)+24)+432,0,24,1)),"") | B8: =IFERROR(AVERAGE(OFFSET('DATOS CORREGIDOS'!$E$6,(((ROW()-27)*24)+24)+432,0,24,1)),"") | C8: =IFERROR(AVERAGE(OFFSET('DATOS CORREGIDOS'!$F$6,(((ROW()-27)*24)+24)+432,0,24,1)),"") | D8: =IFERROR(AVERAGE(OFFSET('DATOS CORREGIDOS'!$G$6,(((ROW()-27)*24)+24)+432,0,24,1)),"") | E8: 75 | F8: =+IF(B8>E8,"NO","SÍ") -> NO | G8: 37 | H8: =+IF(C8>G8,"NO","SÍ") -> NO | I8: 50 | J8: =+IF(D8>I8,"NO","SÍ") -> NO
A9: =IFERROR(AVERAGE(OFFSET('DATOS CORREGIDOS'!$A$6,(((ROW()-27)*24)+24)+432,0,24,1)),"") | B9: =IFERROR(AVERAGE(OFFSET('DATOS CORREGIDOS'!$E$6,(((ROW()-27)*24)+24)+432,0,24,1)),"") | C9: =IFERROR(AVERAGE(OFFSET('DATOS CORREGIDOS'!$F$6,(((ROW()-27)*24)+24)+432,0,24,1)),"") | D9: =IFERROR(AVERAGE(OFFSET('DATOS CORREGIDOS'!$G$6,(((ROW()-27)*24)+24)+432,0,24,1)),"") | E9: 75 | F9: =+IF(B9>E9,"NO","SÍ") -> NO | G9: 37 | H9: =+IF(C9>G9,"NO","SÍ") -> NO | I9: 50 | J9: =+IF(D9>I9,"NO","SÍ") -> NO
A10: =IFERROR(AVERAGE(OFFSET('DATOS CORREGIDOS'!$A$6,(((ROW()-27)*24)+24)+432,0,24,1)),"") | B10: =IFERROR(AVERAGE(OFFSET('DATOS CORREGIDOS'!$E$6,(((ROW()-27)*24)+24)+432,0,24,1)),"") | C10: =IFERROR(AVERAGE(OFFSET('DATOS CORREGIDOS'!$F$6,(((ROW()-27)*24)+24)+432,0,24,1)),"") | D10: =IFERROR(AVERAGE(OFFSET('DATOS CORREGIDOS'!$G$6,(((ROW()-27)*24)+24)+432,0,24,1)),"") | E10: 75 | F10: =+IF(B10>E10,"NO","SÍ") -> NO | G10: 37 | H10: =+IF(C10>G10,"NO","SÍ") -> NO | I10: 50 | J10: =+IF(D10>I10,"NO","SÍ") -> NO
A11: =IFERROR(AVERAGE(OFFSET('DATOS CORREGIDOS'!$A$6,(((ROW()-27)*24)+24)+432,0,24,1)),"") | B11: =IFERROR(AVERAGE(OFFSET('DATOS CORREGIDOS'!$E$6,(((ROW()-27)*24)+24)+432,0,24,1)),"") | C11: =IFERROR(AVERAGE(OFFSET('DATOS CORREGIDOS'!$F$6,(((ROW()-27)*24)+24)+432,0,24,1)),"") | D11: =IFERROR(AVERAGE(OFFSET('DATOS CORREGIDOS'!$G$6,(((ROW()-27)*24)+24)+432,0,24,1)),"") | E11: 75 | F11: =+IF(B11>E11,"NO","SÍ") -> NO | G11: 37 | H11: =+IF(C11>G11,"NO","SÍ") -> NO | I11: 50 | J11: =+IF(D11>I11,"NO","SÍ") -> NO
A12: =IFERROR(AVERAGE(OFFSET('DATOS CORREGIDOS'!$A$6,(((ROW()-27)*24)+24)+432,0,24,1)),"") | B12: =IFERROR(AVERAGE(OFFSET('DATOS CORREGIDOS'!$E$6,(((ROW()-27)*24)+24)+432,0,24,1)),"") | C12: =IFERROR(AVERAGE(OFFSET('DATOS CORREGIDOS'!$F$6,(((ROW()-27)*24)+24)+432,0,24,1)),"") | D12: =IFERROR(AVERAGE(OFFSET('DATOS CORREGIDOS'!$G$6,(((ROW()-27)*24)+24)+432,0,24,1)),"") | E12: 75 | F12: =+IF(B12>E12,"NO","SÍ") -> NO | G12: 37 | H12: =+IF(C12>G12,"NO","SÍ") -> NO | I12: 50 | J12: =+IF(D12>I12,"NO","SÍ") -> NO
A13: =IFERROR(AVERAGE(OFFSET('DATOS CORREGIDOS'!$A$6,(((ROW()-27)*24)+24)+432,0,24,1)),"") | B13: =IFERROR(AVERAGE(OFFSET('DATOS CORREGIDOS'!$E$6,(((ROW()-27)*24)+24)+432,0,24,1)),"") | C13: =IFERROR(AVERAGE(OFFSET('DATOS CORREGIDOS'!$F$6,(((ROW()-27)*24)+24)+432,0,24,1)),"") | D13: =IFERROR(AVERAGE(OFFSET('DATOS CORREGIDOS'!$G$6,(((ROW()-27)*24)+24)+432,0,24,1)),"") | E13: 75 | F13: =+IF(B13>E13,"NO","SÍ") -> NO | G13: 37 | H13: =+IF(C13>G13,"NO","SÍ") -> NO | I13: 50 | J13: =+IF(D13>I13,"NO","SÍ") -> NO
A14: =IFERROR(AVERAGE(OFFSET('DATOS CORREGIDOS'!$A$6,(((ROW()-27)*24)+24)+432,0,24,1)),"") | B14: =IFERROR(AVERAGE(OFFSET('DATOS CORREGIDOS'!$E$6,(((ROW()-27)*24)+24)+432,0,24,1)),"") | C14: =IFERROR(AVERAGE(OFFSET('DATOS CORREGIDOS'!$F$6,(((ROW()-27)*24)+24)+432,0,24,1)),"") | D14: =IFERROR(AVERAGE(OFFSET('DATOS CORREGIDOS'!$G$6,(((ROW()-27)*24)+24)+432,0,24,1)),"") | E14: 75 | F14: =+IF(B14>E14,"NO","SÍ") -> NO | G14: 37 | H14: =+IF(C14>G14,"NO","SÍ") -> NO | I14: 50 | J14: =+IF(D14>I14,"NO","SÍ") -> NO
A15: =IFERROR(AVERAGE(OFFSET('DATOS CORREGIDOS'!$A$6,(((ROW()-27)*24)+24)+432,0,24,1)),"") | B15: =IFERROR(AVERAGE(OFFSET('DATOS CORREGIDOS'!$E$6,(((ROW()-27)*24)+24)+432,0,24,1)),"") | C15: =IFERROR(AVERAGE(OFFSET('DATOS CORREGIDOS'!$F$6,(((ROW()-27)*24)+24)+432,0,24,1)),"") | D15: =IFERROR(AVERAGE(OFFSET('DATOS CORREGIDOS'!$G$6,(((ROW()-27)*24)+24)+432,0,24,1)),"") | E15: 75 | F15: =+IF(B15>E15,"NO","SÍ") -> NO | G15: 37 | H15: =+IF(C15>G15,"NO","SÍ") -> NO | I15: 50 | J15: =+IF(D15>I15,"NO","SÍ") -> NO
A16: =IFERROR(AVERAGE(OFFSET('DATOS CORREGIDOS'!$A$6,(((ROW()-27)*24)+24)+432,0,24,1)),"") | B16: =IFERROR(AVERAGE(OFFSET('DATOS CORREGIDOS'!$E$6,(((ROW()-27)*24)+24)+432,0,24,1)),"") | C16: =IFERROR(AVERAGE(OFFSET('DATOS CORREGIDOS'!$F$6,(((ROW()-27)*24)+24)+432,0,24,1)),"") | D16: =IFERROR(AVERAGE(OFFSET('DATOS CORREGIDOS'!$G$6,(((ROW()-27)*24)+24)+432,0,24,1)),"") | E16: 75 | F16: =+IF(B16>E16,"NO","SÍ") -> NO | G16: 37 | H16: =+IF(C16>G16,"NO","SÍ") -> NO | I16: 50 | J16: =+IF(D16>I16,"NO","SÍ") -> NO
A17: =IFERROR(AVERAGE(OFFSET('DATOS CORREGIDOS'!$A$6,(((ROW()-27)*24)+24)+432,0,24,1)),"") | B17: =IFERROR(AVERAGE(OFFSET('DATOS CORREGIDOS'!$E$6,(((ROW()-27)*24)+24)+432,0,24,1)),"") | C17: =IFERROR(AVERAGE(OFFSET('DATOS CORREGIDOS'!$F$6,(((ROW()-27)*24)+24)+432,0,24,1)),"") | D17: =IFERROR(AVERAGE(OFFSET('DATOS CORREGIDOS'!$G$6,(((ROW()-27)*24)+24)+432,0,24,1)),"") | E17: 75 | F17: =+IF(B17>E17,"NO","SÍ") -> NO | G17: 37 | H17: =+IF(C17>G17,"NO","SÍ") -> NO | I17: 50 | J17: =+IF(D17>I17,"NO","SÍ") -> NO
A18: =IFERROR(AVERAGE(OFFSET('DATOS CORREGIDOS'!$A$6,(((ROW()-27)*24)+24)+432,0,24,1)),"") | B18: =IFERROR(AVERAGE(OFFSET('DATOS CORREGIDOS'!$E$6,(((ROW()-27)*24)+24)+432,0,24,1)),"") | C18: =IFERROR(AVERAGE(OFFSET('DATOS CORREGIDOS'!$F$6,(((ROW()-27)*24)+24)+432,0,24,1)),"") | D18: =IFERROR(AVERAGE(OFFSET('DATOS CORREGIDOS'!$G$6,(((ROW()-27)*24)+24)+432,0,24,1)),"") | E18: 75 | F18: =+IF(B18>E18,"NO","SÍ") -> NO | G18: 37 | H18: =+IF(C18>G18,"NO","SÍ") -> NO | I18: 50 | J18: =+IF(D18>I18,"NO","SÍ") -> NO
A19: =IFERROR(AVERAGE(OFFSET('DATOS CORREGIDOS'!$A$6,(((ROW()-27)*24)+24)+432,0,24,1)),"") | B19: =IFERROR(AVERAGE(OFFSET('DATOS CORREGIDOS'!$E$6,(((ROW()-27)*24)+24)+432,0,24,1)),"") | C19: =IFERROR(AVERAGE(OFFSET('DATOS CORREGIDOS'!$F$6,(((ROW()-27)*24)+24)+432,0,24,1)),"") | D19: =IFERROR(AVERAGE(OFFSET('DATOS CORREGIDOS'!$G$6,(((ROW()-27)*24)+24)+432,0,24,1)),"") | E19: 75 | F19: =+IF(B19>E19,"NO","SÍ") -> NO | G19: 37 | H19: =+IF(C19>G19,"NO","SÍ") -> NO | I19: 50 | J19: =+IF(D19>I19,"NO","SÍ") -> NO
... A39: =IFERROR(AVERAGE(OFFSET('DATOS CORREGIDOS'!$A$6,(((ROW()-27)*24)+24)+432,0,24,1)),"") | B39: =IFERROR(AVERAGE(OFFSET('DATOS CORREGIDOS'!$E$6,(((ROW()-27)*24)+24)+432,0,24,1)),"") | C39: =IFERROR(AVERAGE(OFFSET('DATOS CORREGIDOS'!$F$6,(((ROW()-27)*24)+24)+432,0,24,1)),"") | D39: =IFERROR(AVERAGE(OFFSET('DATOS CORREGIDOS'!$G$6,(((ROW()-27)*24)+24)+432,0,24,1)),"") | E39: 75 | F39: =+IF(B39>E39,"NO","SÍ") -> NO | G39: 37 | H39: =+IF(C39>G39,"NO","SÍ") -> NO | I39: 50 | J39: =+IF(D39>I39,"NO","SÍ") -> NO

Sheet COMPARACIÓN 1H
C1: ='COMPARACIÓN 24H'!C1:H3 -> PROCESAMIENTO DE EQUIPOS AUTOMATICOS CALIDAD DE AIRE | J1: Codigo: FO-PO-PSM-66-06
J2: Versiòn: 01
J3: Fecha : 26/08/2023 | M3: Parámetro | N3: # Datos válidos | O3: Datos < Norma 1h | Q3: Datos > Norma 1h
A4: COMPARACION CON NORMA 1 HORA | O4: Cantidad | P4: % | Q4: Cantidad | R4: %
A5: Fecha | B5: #HHMM | C5: PROMEDIOS 1 HORA | F5: LÍMITES NORMATIVOS RES. 2254/2017 | M5: SO2 | N5: =+COUNT(C8:C751) -> 0 | O5: =+N5*P5 -> #DIV/0! | P5: =+COUNTIF(G8:G751,"SÍ")/N5 -> #DIV/0! | Q5: =+N5*R5 -> #DIV/0! | R5: =1-P5 -> #DIV/0!
C6: SO2 (µg/m³) | D6: CO (µg/m³) | E6: NO2 (µg/m³) | F6: SO2 | H6: CO | J6: NO2 | M6: CO | N6: =+COUNT(D8:D751) -> 0 | O6: =+N6*P6 -> #DIV/0! | P6: =+COUNTIF(I8:I751,"SÍ")/N6 -> #DIV/0! | Q6: =+N6*R6 -> #DIV/0! | R6: =1-P6 -> #DIV/0!
F7: Norma 1h (µg/m³) | G7: Cumplimiento | H7: Norma 1h (µg/m³) | I7: Cumplimiento | J7: Norma 1h (µg/m³) | K7: Cumplimiento | M7: NO2 | N7: =+COUNT(E8:E751) -> 0 | O7: =+N7*P7 -> #DIV/0! | P7: =+COUNTIF(K8:K751,"SÍ")/N7 -> #DIV/0! | Q7: =+N7*R7 -> #DIV/0! | R7: =1-P7 -> #DIV/0!
A8: ='DATOS CORREGIDOS'!A30 -> 0 | B8: 1 | C8: =+'DATOS CORREGIDOS'!G30 -> - | D8: =+'DATOS CORREGIDOS'!H30 -> - | E8: =+'DATOS CORREGIDOS'!J30 -> - | F8: 100 | G8: =IF(C8="-","",IF(C8>F8,"NO","SÍ")) | H8: 35000 | I8: =IF(D8="-","",IF(D8>H8,"NO","SÍ")) | J8: 200 | K8: =IF(E8="-","",IF(E8>J8,"NO","SÍ"))
A9: ='DATOS CORREGIDOS'!A31 -> 0 | B9: 1.0416667 | C9: =+'DATOS CORREGIDOS'!G31 -> - | D9: =+'DATOS CORREGIDOS'!H31 -> - | E9: =+'DATOS CORREGIDOS'!J31 -> - | F9: 100 | G9: =IF(C9="-","",IF(C9>F9,"NO","SÍ")) | H9: 35000 | I9: =IF(D9="-","",IF(D9>H9,"NO","SÍ")) | J9: 200 | K9: =IF(E9="-","",IF(E9>J9,"NO","SÍ"))
A10: ='DATOS CORREGIDOS'!A32 -> 0 | B10: 1.0833333 | C10: =+'DATOS CORREGIDOS'!G32 -> - | D10: =+'DATOS CORREGIDOS'!H32 -> - | E10: =+'DATOS CORREGIDOS'!J32 -> - | F10: 100 | G10: =IF(C10="-","",IF(C10>F10,"NO","SÍ")) | H10: 35000 | I10: =IF(D10="-","",IF(D10>H10,"NO","SÍ")) | J10: 200 | K10: =IF(E10="-","",IF(E10>J10,"NO","SÍ"))
A11: ='DATOS CORREGIDOS'!A33 -> 0 | B11: 1.125 | C11: =+'DATOS CORREGIDOS'!G33 -> - | D11: =+'DATOS CORREGIDOS'!H33 -> - | E11: =+'DATOS CORREGIDOS'!J33 -> - | F11: 100 | G11: =IF(C11="-","",IF(C11>F11,"NO","SÍ")) | H11: 35000 | I11: =IF(D11="-","",IF(D11>H11,"NO","SÍ")) | J11: 200 | K11: =IF(E11="-","",IF(E11>J11,"NO","SÍ"))
A12: ='DATOS CORREGIDOS'!A34 -> 0 | B12: 1.1666667 | C12: =+'DATOS CORREGIDOS'!G34 -> - | D12: =+'DATOS CORREGIDOS'!H34 -> - | E12: =+'DATOS CORREGIDOS'!J34 -> - | F12: 100 | G12: =IF(C12="-","",IF(C12>F12,"NO","SÍ")) | H12: 35000 | I12: =IF(D12="-","",IF(D12>H12,"NO","SÍ")) | J12: 200 | K12: =IF(E12="-","",IF(E12>J12,"NO","SÍ"))
A13: ='DATOS CORREGIDOS'!A35 -> 0 | B13: 1.2083333 | C13: =+'DATOS CORREGIDOS'!G35 -> - | D13: =+'DATOS CORREGIDOS'!H35 -> - | E13: =+'DATOS CORREGIDOS'!J35 -> - | F13: 100 | G13: =IF(C13="-","",IF(C13>F13,"NO","SÍ")) | H13: 35000 | I13: =IF(D13="-","",IF(D13>H13,"NO","SÍ")) | J13: 200 | K13: =IF(E13="-","",IF(E13>J13,"NO","SÍ"))
A14: ='DATOS CORREGIDOS'!A36 -> 0 | B14: 1.25 | C14: =+'DATOS CORREGIDOS'!G36 -> - | D14: =+'DATOS CORREGIDOS'!H36 -> - | E14: =+'DATOS CORREGIDOS'!J36 -> - | F14: 100 | G14: =IF(C14="-","",IF(C14>F14,"NO","SÍ")) | H14: 35000 | I14: =IF(D14="-","",IF(D14>H14,"NO","SÍ")) | J14: 200 | K14: =IF(E14="-","",IF(E14>J14,"NO","SÍ"))
A15: ='DATOS CORREGIDOS'!A37 -> 0 | B15: 1.2916667 | C15: =+'DATOS CORREGIDOS'!G37 -> - | D15: =+'DATOS CORREGIDOS'!H37 -> - | E15: =+'DATOS CORREGIDOS'!J37 -> - | F15: 100 | G15: =IF(C15="-","",IF(C15>F15,"NO","SÍ")) | H15: 35000 | I15: =IF(D15="-","",IF(D15>H15,"NO","SÍ")) | J15: 200 | K15: =IF(E15="-","",IF(E15>J15,"NO","SÍ"))
A16: ='DATOS CORREGIDOS'!A38 -> 0 | B16: 1.3333333 | C16: =+'DATOS CORREGIDOS'!G38 -> - | D16: =+'DATOS CORREGIDOS'!H38 -> - | E16: =+'DATOS CORREGIDOS'!J38 -> - | F16: 100 | G16: =IF(C16="-","",IF(C16>F16,"NO","SÍ")) | H16: 35000 | I16: =IF(D16="-","",IF(D16>H16,"NO","SÍ")) | J16: 200 | K16: =IF(E16="-","",IF(E16>J16,"NO","SÍ"))
A17: ='DATOS CORREGIDOS'!A39 -> 0 | B17: 1.375 | C17: =+'DATOS CORREGIDOS'!G39 -> - | D17: =+'DATOS CORREGIDOS'!H39 -> - | E17: =+'DATOS CORREGIDOS'!J39 -> - | F17: 100 | G17: =IF(C17="-","",IF(C17>F17,"NO","SÍ")) | H17: 35000 | I17: =IF(D17="-","",IF(D17>H17,"NO","SÍ")) | J17: 200 | K17: =IF(E17="-","",IF(E17>J17,"NO","SÍ"))
A18: ='DATOS CORREGIDOS'!A40 -> 0 | B18: 1.4166667 | C18: =+'DATOS CORREGIDOS'!G40 -> - | D18: =+'DATOS CORREGIDOS'!H40 -> - | E18: =+'DATOS CORREGIDOS'!J40 -> - | F18: 100 | G18: =IF(C18="-","",IF(C18>F18,"NO","SÍ")) | H18: 35000 | I18: =IF(D18="-","",IF(D18>H18,"NO","SÍ")) | J18: 200 | K18: =IF(E18="-","",IF(E18>J18,"NO","SÍ"))
A19: ='DATOS CORREGIDOS'!A41 -> 0 | B19: 1.4583333 | C19: =+'DATOS CORREGIDOS'!G41 -> - | D19: =+'DATOS CORREGIDOS'!H41 -> - | E19: =+'DATOS CORREGIDOS'!J41 -> - | F19: 100 | G19: =IF(C19="-","",IF(C19>F19,"NO","SÍ")) | H19: 35000 | I19: =IF(D19="-","",IF(D19>H19,"NO","SÍ")) | J19: 200 | K19: =IF(E19="-","",IF(E19>J19,"NO","SÍ"))
... A751: ='DATOS CORREGIDOS'!A773 -> 0 | B751: 31.958333 | C751: =+'DATOS CORREGIDOS'!G773 -> - | D751: =+'DATOS CORREGIDOS'!H773 -> - | E751: =+'DATOS CORREGIDOS'!J773 -> - | F751: 100 | G751: =IF(C751="-","",IF(C751>F751,"NO","SÍ")) | H751: 35000 | I751: =IF(D751="-","",IF(D751>H751,"NO","SÍ")) | J751: 200 | K751: =IF(E751="-","",IF(E751>J751,"NO","SÍ"))

Sheet COMPARACIÓN 8H
E1: ='COMPARACIÓN 1H'!$C$1 -> PROCESAMIENTO DE EQUIPOS AUTOMATICOS CALIDAD DE AIRE | I1: Codigo: FO-PO-PSM-66-06
I2: Versiòn: 01
I3: Fecha : 26/08/2023
A4: COMPARACION CON NORMA 8 HORAS | L4: Parámetro | M4: # Datos válidos | N4: Datos < Norma 8h | P4: Datos > Norma 8h
A5: Fecha | B5: Media Móvil 8h | E5: PROMEDIOS 8 HORAS | G5: LÍMITES NORMATIVOS RES. 2254/2017 | N5: Cantidad | O5: % | P5: Cantidad | Q5: %
E6: CO (µg/m³) | F6: O3 (µg/m³) | G6: CO | I6: O3 | L6: CO | M6: =+COUNT(E25:E768) -> 0 | N6: =+M6*O6 -> #DIV/0! | O6: =+COUNTIF(H8:H720,"SÍ")/M6 -> #DIV/0! | P6: =+M6*Q6 -> #DIV/0! | Q6: =1-O6 -> #DIV/0!
G7: Norma 8h (µg/m³) | H7: Cumplimiento | I7: Norma 8h (µg/m³) | J7: Cumplimiento | L7: O3 | M7: =+COUNT(F25:F768) -> 0 | N7: =+M7*O7 -> #DIV/0! | O7: =+COUNTIF(J8:J720,"SÍ")/M7 -> #DIV/0! | P7: =+M7*Q7 -> #DIV/0! | Q7: =1-O7 -> #DIV/0!
A8: ='DATOS CORREGIDOS'!A13 -> 0 | B8: 0 | C8: - | D8: 0.29166667 | E8: =IF(ISBLANK(A8),"",AVERAGE('DATOS CORREGIDOS'!H6:H13)) -> #DIV/0! | F8: =IF(ISBLANK(A8),"",AVERAGE('DATOS CORREGIDOS'!I6:I13)) -> #DIV/0! | G8: 5000 | H8: =IF(E8="-","",IF(E8>G8,"NO","SÍ")) -> #DIV/0! | I8: 100 | J8: =IF(F8="-","",IF(F8>I8,"NO","SÍ")) -> #DIV/0!
A9: ='DATOS CORREGIDOS'!A14 -> 0 | B9: 0.041666667 | C9: - | D9: =+$B$9+D8 -> 0.33333333 | E9: =IF(ISBLANK(A9),"",AVERAGE('DATOS CORREGIDOS'!H7:H14)) -> #DIV/0! | F9: =IF(ISBLANK(A9),"",AVERAGE('DATOS CORREGIDOS'!I7:I14)) -> #DIV/0! | G9: 5000 | H9: =IF(E9="-","",IF(E9>G9,"NO","SÍ")) -> #DIV/0! | I9: 100 | J9: =IF(F9="-","",IF(F9>I9,"NO","SÍ")) -> #DIV/0!
A10: ='DATOS CORREGIDOS'!A15 -> 0 | B10: =+$B$9+B9 -> 0.083333333 | C10: - | D10: =+$B$9+D9 -> 0.375 | E10: =IF(ISBLANK(A10),"",AVERAGE('DATOS CORREGIDOS'!H8:H15)) -> #DIV/0! | F10: =IF(ISBLANK(A10),"",AVERAGE('DATOS CORREGIDOS'!I8:I15)) -> #DIV/0! | G10: 5000 | H10: =IF(E10="-","",IF(E10>G10,"NO","SÍ")) -> #DIV/0! | I10: 100 | J10: =IF(F10="-","",IF(F10>I10,"NO","SÍ")) -> #DIV/0!
A11: ='DATOS CORREGIDOS'!A16 -> 0 | B11: =+$B$9+B10 -> 0.125 | C11: - | D11: =+$B$9+D10 -> 0.41666667 | E11: =IF(ISBLANK(A11),"",AVERAGE('DATOS CORREGIDOS'!H9:H16)) -> #DIV/0! | F11: =IF(ISBLANK(A11),"",AVERAGE('DATOS CORREGIDOS'!I9:I16)) -> #DIV/0! | G11: 5000 | H11: =IF(E11="-","",IF(E11>G11,"NO","SÍ")) -> #DIV/0! | I11: 100 | J11: =IF(F11="-","",IF(F11>I11,"NO","SÍ")) -> #DIV/0!
A12: ='DATOS CORREGIDOS'!A17 -> 0 | B12: =+$B$9+B11 -> 0.16666667 | C12: - | D12: =+$B$9+D11 -> 0.45833333 | E12: =IF(ISBLANK(A12),"",AVERAGE('DATOS CORREGIDOS'!H10:H17)) -> #DIV/0! | F12: =IF(ISBLANK(A12),"",AVERAGE('DATOS CORREGIDOS'!I10:I17)) -> #DIV/0! | G12: 5000 | H12: =IF(E12="-","",IF(E12>G12,"NO","SÍ")) -> #DIV/0! | I12: 100 | J12: =IF(F12="-","",IF(F12>I12,"NO","SÍ")) -> #DIV/0!
A13: ='DATOS CORREGIDOS'!A18 -> 0 | B13: =+$B$9+B12 -> 0.20833333 | C13: - | D13: =+$B$9+D12 -> 0.5 | E13: =IF(ISBLANK(A13),"",AVERAGE('DATOS CORREGIDOS'!H11:H18)) -> #DIV/0! | F13: =IF(ISBLANK(A13),"",AVERAGE('DATOS CORREGIDOS'!I11:I18)) -> #DIV/0! | G13: 5000 | H13: =IF(E13="-","",IF(E13>G13,"NO","SÍ")) -> #DIV/0! | I13: 100 | J13: =IF(F13="-","",IF(F13>I13,"NO","SÍ")) -> #DIV/0!
A14: ='DATOS CORREGIDOS'!A19 -> 0 | B14: =+$B$9+B13 -> 0.25 | C14: - | D14: =+$B$9+D13 -> 0.54166667 | E14: =IF(ISBLANK(A14),"",AVERAGE('DATOS CORREGIDOS'!H12:H19)) -> #DIV/0! | F14: =IF(ISBLANK(A14),"",AVERAGE('DATOS CORREGIDOS'!I12:I19)) -> #DIV/0! | G14: 5000 | H14: =IF(E14="-","",IF(E14>G14,"NO","SÍ")) -> #DIV/0! | I14: 100 | J14: =IF(F14="-","",IF(F14>I14,"NO","SÍ")) -> #DIV/0!
A15: ='DATOS CORREGIDOS'!A20 -> 0 | B15: =+$B$9+B14 -> 0.29166667 | C15: - | D15: =+$B$9+D14 -> 0.58333333 | E15: =IF(ISBLANK(A15),"",AVERAGE('DATOS CORREGIDOS'!H13:H20)) -> #DIV/0! | F15: =IF(ISBLANK(A15),"",AVERAGE('DATOS CORREGIDOS'!I13:I20)) -> #DIV/0! | G15: 5000 | H15: =IF(E15="-","",IF(E15>G15,"NO","SÍ")) -> #DIV/0! | I15: 100 | J15: =IF(F15="-","",IF(F15>I15,"NO","SÍ")) -> #DIV/0!
A16: ='DATOS CORREGIDOS'!A21 -> 0 | B16: =+$B$9+B15 -> 0.33333333 | C16: - | D16: =+$B$9+D15 -> 0.625 | E16: =IF(ISBLANK(A16),"",AVERAGE('DATOS CORREGIDOS'!H14:H21)) -> #DIV/0! | F16: =IF(ISBLANK(A16),"",AVERAGE('DATOS CORREGIDOS'!I14:I21)) -> #DIV/0! | G16: 5000 | H16: =IF(E16="-","",IF(E16>G16,"NO","SÍ")) -> #DIV/0! | I16: 100 | J16: =IF(F16="-","",IF(F16>I16,"NO","SÍ")) -> #DIV/0!
A17: ='DATOS CORREGIDOS'!A22 -> 0 | B17: =+$B$9+B16 -> 0.375 | C17: - | D17: =+$B$9+D16 -> 0.66666667 | E17: =IF(ISBLANK(A17),"",AVERAGE('DATOS CORREGIDOS'!H15:H22)) -> #DIV/0! | F17: =IF(ISBLANK(A17),"",AVERAGE('DATOS CORREGIDOS'!I15:I22)) -> #DIV/0! | G17: 5000 | H17: =IF(E17="-","",IF(E17>G17,"NO","SÍ")) -> #DIV/0! | I17: 100 | J17: =IF(F17="-","",IF(F17>I17,"NO","SÍ")) -> #DIV/0!
A18: ='DATOS CORREGIDOS'!A23 -> 0 | B18: =+$B$9+B17 -> 0.41666667 | C18: - | D18: =+$B$9+D17 -> 0.70833333 | E18: =IF(ISBLANK(A18),"",AVERAGE('DATOS CORREGIDOS'!H16:H23)) -> #DIV/0! | F18: =IF(ISBLANK(A18),"",AVERAGE('DATOS CORREGIDOS'!I16:I23)) -> #DIV/0! | G18: 5000 | H18: =IF(E18="-","",IF(E18>G18,"NO","SÍ")) -> #DIV/0! | I18: 100 | J18: =IF(F18="-","",IF(F18>I18,"NO","SÍ")) -> #DIV/0!
A19: ='DATOS CORREGIDOS'!A24 -> 0 | B19: =+$B$9+B18 -> 0.45833333 | C19: - | D19: =+$B$9+D18 -> 0.75 | E19: =IF(ISBLANK(A19),"",AVERAGE('DATOS CORREGIDOS'!H17:H24)) -> #DIV/0! | F19: =IF(ISBLANK(A19),"",AVERAGE('DATOS CORREGIDOS'!I17:I24)) -> #DIV/0! | G19: 5000 | H19: =IF(E19="-","",IF(E19>G19,"NO","SÍ")) -> #DIV/0! | I19: 100 | J19: =IF(F19="-","",IF(F19>I19,"NO","SÍ")) -> #DIV/0!
A20: ='DATOS CORREGIDOS'!A25 -> 0 | B20: =+$B$9+B19 -> 0.5 | C20: - | D20: =+$B$9+D19 -> 0.79166667 | E20: =IF(ISBLANK(A20),"",AVERAGE('DATOS CORREGIDOS'!H18:H25)) -> #DIV/0! | F20: =IF(ISBLANK(A20),"",AVERAGE('DATOS CORREGIDOS'!I18:I25)) -> #DIV/0! | G20: 5000 | H20: =IF(E20="-","",IF(E20>G20,"NO","SÍ")) -> #DIV/0! | I20: 100 | J20: =IF(F20="-","",IF(F20>I20,"NO","SÍ")) -> #DIV/0!
A21: ='DATOS CORREGIDOS'!A26 -> 0 | B21: =+$B$9+B20 -> 0.54166667 | C21: - | D21: =+$B$9+D20 -> 0.83333333 | E21: =IF(ISBLANK(A21),"",AVERAGE('DATOS CORREGIDOS'!H19:H26)) -> #DIV/0! | F21: =IF(ISBLANK(A21),"",AVERAGE('DATOS CORREGIDOS'!I19:I26)) -> #DIV/0! | G21: 5000 | H21: =IF(E21="-","",IF(E21>G21,"NO","SÍ")) -> #DIV/0! | I21: 100 | J21: =IF(F21="-","",IF(F21>I21,"NO","SÍ")) -> #DIV/0!
... A720: ='DATOS CORREGIDOS'!A725 -> 0 | B720: =+$B$9+B719 -> 29.666667 | C720: - | D720: =+$B$9+D719 -> 29.958333 | E720: =IF(ISBLANK(A720),"",AVERAGE('DATOS CORREGIDOS'!H718:H725)) -> #DIV/0! | F720: =IF(ISBLANK(A720),"",AVERAGE('DATOS CORREGIDOS'!I718:I725)) -> #DIV/0! | G720: 5000 | H720: =IF(E720="-","",IF(E720>G720,"NO","SÍ")) -> #DIV/0! | I720: 100 | J720: =IF(F720="-","",IF(F720>I720,"NO","SÍ")) -> #DIV/0!
A721: ='DATOS CORREGIDOS'!A726 -> 0 | B721: =+$B$9+B720 -> 29.708333 | C721: - | D721: =+$B$9+D720 -> 30 | E721: =IF(ISBLANK(A721),"",AVERAGE('DATOS CORREGIDOS'!H719:H725)) -> #DIV/0! | F721: =IF(ISBLANK(A721),"",AVERAGE('DATOS CORREGIDOS'!I719:I725)) -> #DIV/0! | G721: 5000 | H721: =IF(E721="-","",IF(E721>G721,"NO","SÍ")) -> #DIV/0! | I721: 100 | J721: =IF(F721="-","",IF(F721>I721,"NO","SÍ")) -> #DIV/0!
A722: ='DATOS CORREGIDOS'!A727 -> 0 | B722: =+$B$9+B721 -> 29.75 | C722: - | D722: =+$B$9+D721 -> 30.041667 | E722: =IF(ISBLANK(A722),"",AVERAGE('DATOS CORREGIDOS'!H720:H725)) -> #DIV/0! | F722: =IF(ISBLANK(A722),"",AVERAGE('DATOS CORREGIDOS'!I720:I725)) -> #DIV/0! | G722: 5000 | H722: =IF(E722="-","",IF(E722>G722,"NO","SÍ")) -> #DIV/0! | I722: 100 | J722: =IF(F722="-","",IF(F722>I722,"NO","SÍ")) -> #DIV/0!
A723: ='DATOS CORREGIDOS'!A728 -> 0 | B723: =+$B$9+B722 -> 29.791667 | C723: - | D723: =+$B$9+D722 -> 30.083333 | E723: =IF(ISBLANK(A723),"",AVERAGE('DATOS CORREGIDOS'!H721:H725)) -> #DIV/0! | F723: =IF(ISBLANK(A723),"",AVERAGE('DATOS CORREGIDOS'!I721:I725)) -> #DIV/0! | G723: 5000 | H723: =IF(E723="-","",IF(E723>G723,"NO","SÍ")) -> #DIV/0! | I723: 100 | J723: =IF(F723="-","",IF(F723>I723,"NO","SÍ")) -> #DIV/0!
A724: ='DATOS CORREGIDOS'!A729 -> 0 | B724: =+$B$9+B723 -> 29.833333 | C724: - | D724: =+$B$9+D723 -> 30.125 | E724: =IF(ISBLANK(A724),"",AVERAGE('DATOS CORREGIDOS'!H722:H725)) -> #DIV/0! | F724: =IF(ISBLANK(A724),"",AVERAGE('DATOS CORREGIDOS'!I722:I725)) -> #DIV/0! | G724: 5000 | H724: =IF(E724="-","",IF(E724>G724,"NO","SÍ")) -> #DIV/0! | I724: 100 | J724: =IF(F724="-","",IF(F724>I724,"NO","SÍ")) -> #DIV/0!
A725: ='DATOS CORREGIDOS'!A730 -> 0 | B725: =+$B$9+B724 -> 29.875 | C725: - | D725: =+$B$9+D724 -> 30.166667 | E725: =IF(ISBLANK(A725),"",AVERAGE('DATOS CORREGIDOS'!H723:H725)) -> #DIV/0! | F725: =IF(ISBLANK(A725),"",AVERAGE('DATOS CORREGIDOS'!I723:I725)) -> #DIV/0! | G725: 5000 | H725: =IF(E725="-","",IF(E725>G725,"NO","SÍ")) -> #DIV/0! | I725: 100 | J725: =IF(F725="-","",IF(F725>I725,"NO","SÍ")) -> #DIV/0!
A726: ='DATOS CORREGIDOS'!A731 -> 0 | B726: =+$B$9+B725 -> 29.916667 | C726: - | D726: =+$B$9+D725 -> 30.208333 | E726: =IF(ISBLANK(A726),"",AVERAGE('DATOS CORREGIDOS'!H724:H725)) -> #DIV/0! | F726: =IF(ISBLANK(A726),"",AVERAGE('DATOS CORREGIDOS'!I724:I725)) -> #DIV/0! | G726: 5000 | H726: =IF(E726="-","",IF(E726>G726,"NO","SÍ")) -> #DIV/0! | I726: 100 | J726: =IF(F726="-","",IF(F726>I726,"NO","SÍ")) -> #DIV/0!
A727: ='DATOS CORREGIDOS'!A732 -> 0 | B727: =+$B$9+B726 -> 29.958333 | C727: - | D727: =+$B$9+D726 -> 30.25 | E727: =IF(ISBLANK(A727),"",AVERAGE('DATOS CORREGIDOS'!H725:H725)) -> #DIV/0! | F727: =IF(ISBLANK(A727),"",AVERAGE('DATOS CORREGIDOS'!I725:I725)) -> #DIV/0! | G727: 5000 | H727: =IF(E727="-","",IF(E727>G727,"NO","SÍ")) -> #DIV/0! | I727: 100 | J727: =IF(F727="-","",IF(F727>I727,"NO","SÍ")) -> #DIV/0!
A728: ='DATOS CORREGIDOS'!A733 -> 0 | B728: =+$B$9+B727 -> 30 | C728: - | D728: =+$B$9+D727 -> 30.291667 | E728: =IF(ISBLANK(A728),"",AVERAGE('DATOS CORREGIDOS'!H726:H726)) -> #DIV/0! | F728: =IF(ISBLANK(A728),"",AVERAGE('DATOS CORREGIDOS'!I726:I726)) -> #DIV/0! | G728: 5001 | H728: =IF(E728="-","",IF(E728>G728,"NO","SÍ")) -> #DIV/0! | I728: 101 | J728: =IF(F728="-","",IF(F728>I728,"NO","SÍ")) -> #DIV/0!
A729: ='DATOS CORREGIDOS'!A734 -> 0 | B729: =+$B$9+B728 -> 30.041667 | C729: - | D729: =+$B$9+D728 -> 30.333333 | E729: =IF(ISBLANK(A729),"",AVERAGE('DATOS CORREGIDOS'!H727:H727)) -> #DIV/0! | F729: =IF(ISBLANK(A729),"",AVERAGE('DATOS CORREGIDOS'!I727:I727)) -> #DIV/0! | G729: 5000 | H729: =IF(E729="-","",IF(E729>G729,"NO","SÍ")) -> #DIV/0! | I729: 100 | J729: =IF(F729="-","",IF(F729>I729,"NO","SÍ")) -> #DIV/0!
A730: ='DATOS CORREGIDOS'!A735 -> 0 | B730: =+$B$9+B729 -> 30.083333 | C730: - | D730: =+$B$9+D729 -> 30.375 | E730: =IF(ISBLANK(A730),"",AVERAGE('DATOS CORREGIDOS'!H728:H728)) -> #DIV/0! | F730: =IF(ISBLANK(A730),"",AVERAGE('DATOS CORREGIDOS'!I728:I728)) -> #DIV/0! | G730: 5000 | H730: =IF(E730="-","",IF(E730>G730,"NO","SÍ")) -> #DIV/0! | I730: 100 | J730: =IF(F730="-","",IF(F730>I730,"NO","SÍ")) -> #DIV/0!
A731: ='DATOS CORREGIDOS'!A736 -> 0 | B731: =+$B$9+B730 -> 30.125 | C731: - | D731: =+$B$9+D730 -> 30.416667 | E731: =IF(ISBLANK(A731),"",AVERAGE('DATOS CORREGIDOS'!H729:H729)) -> #DIV/0! | F731: =IF(ISBLANK(A731),"",AVERAGE('DATOS CORREGIDOS'!I729:I729)) -> #DIV/0! | G731: 5000 | H731: =IF(E731="-","",IF(E731>G731,"NO","SÍ")) -> #DIV/0! | I731: 100 | J731: =IF(F731="-","",IF(F731>I731,"NO","SÍ")) -> #DIV/0!
A732: ='DATOS CORREGIDOS'!A737 -> 0 | B732: =+$B$9+B731 -> 30.166667 | C732: - | D732: =+$B$9+D731 -> 30.458333 | E732: =IF(ISBLANK(A732),"",AVERAGE('DATOS CORREGIDOS'!H730:H730)) -> #DIV/0! | F732: =IF(ISBLANK(A732),"",AVERAGE('DATOS CORREGIDOS'!I730:I730)) -> #DIV/0! | G732: 5000 | H732: =IF(E732="-","",IF(E732>G732,"NO","SÍ")) -> #DIV/0! | I732: 100 | J732: =IF(F732="-","",IF(F732>I732,"NO","SÍ")) -> #DIV/0!
A733: ='DATOS CORREGIDOS'!A738 -> 0 | B733: =+$B$9+B732 -> 30.208333 | C733: - | D733: =+$B$9+D732 -> 30.5 | E733: =IF(ISBLANK(A733),"",AVERAGE('DATOS CORREGIDOS'!H731:H731)) -> #DIV/0! | F733: =IF(ISBLANK(A733),"",AVERAGE('DATOS CORREGIDOS'!I731:I731)) -> #DIV/0! | G733: 5000 | H733: =IF(E733="-","",IF(E733>G733,"NO","SÍ")) -> #DIV/0! | I733: 100 | J733: =IF(F733="-","",IF(F733>I733,"NO","SÍ")) -> #DIV/0!
A734: ='DATOS CORREGIDOS'!A739 -> 0 | B734: =+$B$9+B733 -> 30.25 | C734: - | D734: =+$B$9+D733 -> 30.541667 | E734: =IF(ISBLANK(A734),"",AVERAGE('DATOS CORREGIDOS'!H732:H732)) -> #DIV/0! | F734: =IF(ISBLANK(A734),"",AVERAGE('DATOS CORREGIDOS'!I732:I732)) -> #DIV/0! | G734: 5000 | H734: =IF(E734="-","",IF(E734>G734,"NO","SÍ")) -> #DIV/0! | I734: 100 | J734: =IF(F734="-","",IF(F734>I734,"NO","SÍ")) -> #DIV/0!
A735: ='DATOS CORREGIDOS'!A740 -> 0 | B735: =+$B$9+B734 -> 30.291667 | C735: - | D735: =+$B$9+D734 -> 30.583333 | E735: =IF(ISBLANK(A735),"",AVERAGE('DATOS CORREGIDOS'!H733:H733)) -> #DIV/0! | F735: =IF(ISBLANK(A735),"",AVERAGE('DATOS CORREGIDOS'!I733:I733)) -> #DIV/0! | G735: 5000 | H735: =IF(E735="-","",IF(E735>G735,"NO","SÍ")) -> #DIV/0! | I735: 100 | J735: =IF(F735="-","",IF(F735>I735,"NO","SÍ")) -> #DIV/0!
A736: ='DATOS CORREGIDOS'!A741 -> 0 | B736: =+$B$9+B735 -> 30.333333 | C736: - | D736: =+$B$9+D735 -> 30.625 | E736: =IF(ISBLANK(A736),"",AVERAGE('DATOS CORREGIDOS'!H734:H734)) -> #DIV/0! | F736: =IF(ISBLANK(A736),"",AVERAGE('DATOS CORREGIDOS'!I734:I734)) -> #DIV/0! | G736: 5000 | H736: =IF(E736="-","",IF(E736>G736,"NO","SÍ")) -> #DIV/0! | I736: 100 | J736: =IF(F736="-","",IF(F736>I736,"NO","SÍ")) -> #DIV/0!
A737: ='DATOS CORREGIDOS'!A742 -> 0 | B737: =+$B$9+B736 -> 30.375 | C737: - | D737: =+$B$9+D736 -> 30.666667 | E737: =IF(ISBLANK(A737),"",AVERAGE('DATOS CORREGIDOS'!H735:H735)) -> #DIV/0! | F737: =IF(ISBLANK(A737),"",AVERAGE('DATOS CORREGIDOS'!I735:I735)) -> #DIV/0! | G737: 5000 | H737: =IF(E737="-","",IF(E737>G737,"NO","SÍ")) -> #DIV/0! | I737: 100 | J737: =IF(F737="-","",IF(F737>I737,"NO","SÍ")) -> #DIV/0!
A738: ='DATOS CORREGIDOS'!A743 -> 0 | B738: =+$B$9+B737 -> 30.416667 | C738: - | D738: =+$B$9+D737 -> 30.708333 | E738: =IF(ISBLANK(A738),"",AVERAGE('DATOS CORREGIDOS'!H736:H736)) -> #DIV/0! | F738: =IF(ISBLANK(A738),"",AVERAGE('DATOS CORREGIDOS'!I736:I736)) -> #DIV/0! | G738: 5000 | H738: =IF(E738="-","",IF(E738>G738,"NO","SÍ")) -> #DIV/0! | I738: 100 | J738: =IF(F738="-","",IF(F738>I738,"NO","SÍ")) -> #DIV/0!
... A768: ='DATOS CORREGIDOS'!A773 -> 0 | B768: =+$B$9+B767 -> 31.666667 | C768: - | D768: =+$B$9+D767 -> 31.958333 | E768: =IF(ISBLANK(A768),"",AVERAGE('DATOS CORREGIDOS'!H766:H766)) -> #DIV/0! | F768: =IF(ISBLANK(A768),"",AVERAGE('DATOS CORREGIDOS'!I766:I766)) -> #DIV/0! | G768: 5000 | H768: =IF(E768="-","",IF(E768>G768,"NO","SÍ")) -> #DIV/0! | I768: 100 | J768: =IF(F768="-","",IF(F768>I768,"NO","SÍ")) -> #DIV/0!

Sheet ICA 1H-SO2
E2: ='COMPARACIÓN 8H'!E1 -> PROCESAMIENTO DE EQUIPOS AUTOMATICOS CALIDAD DE AIRE | N2: ='COMPARACIÓN 8H'!I1 -> Codigo: FO-PO-PSM-66-06
N3: ='COMPARACIÓN 8H'!I2 -> Versiòn: 01
N4: ='COMPARACIÓN 8H'!I3 -> Fecha : 26/08/2023
K6: Verde | L6: 0 - 50
C7: 0-93 | D7: 94-197 | E7: 198-486 | F7: 847-797 | G7: 798-1583 | H7: 1584-2629 | K7: Amarillo | L7: 51 - 100
B8: Ialto | C8: 50 | D8: 100 | E8: 150 | F8: 200 | G8: 300 | H8: 500 | K8: Naranja | L8: 101 - 150
B9: Ibajo | C9: 0 | D9: 51 | E9: 101 | F9: 151 | G9: 201 | H9: 301 | K9: Rojo | L9: 151 - 200
B10: PCalto | C10: 93 | D10: 197 | E10: 486 | F10: 797 | G10: 1583 | H10: 2629 | K10: Purpura | L10: 201 - 300
B11: PCbajo | C11: 0 | D11: 94 | E11: 198 | F11: 487 | G11: 798 | H11: 1584 | K11: Marron | L11: 301 - 500
C14: Fecha | D14: Estación 1. | G14: Fecha | H14: ICA | I14: Fecha | J14: ICA | K14: Fecha | L14: ICA | M14: Fecha | N14: ICA | O14: Fecha | P14: ICA
C15: ='COMPARACIÓN 1H'!A8 -> 0 | D15: ='COMPARACIÓN 1H'!C8 -> - | G15: =C15 -> 0 | H15: =IF(D15<=$C$10,(((($C$8-$C$9)/($C$10-$C$11))*(D15-$C$11))+$C$9),(IF(D15<=$D$10,(((($D$8-$D$9)/($D$10-$D$11))*(D15-$D$11))+$D$9),IF(D15<=$E$10,(((($E$8-$E$9)/($E$10-$E$11))*(D15-$E$11))+$E$9),IF(D15<=$F$10,(((($F$8-$F$9)/($F$10-$F$11))*(D15-$F$11))+$F$9),IF(D15<=$G$10,(((($G$8-$G$9)/($G$10-$G$11))*(D15-$G$11))+$G$9),((((($H$8-$H$9)/($H$10-$H$11))*(D15-$H$11))+$H$9)))))))) -> #VALUE! | I15: =C165 -> 0 | J15: =IF(D165<=$C$10,(((($C$8-$C$9)/($C$10-$C$11))*(D165-$C$11))+$C$9),(IF(D165<=$D$10,(((($D$8-$D$9)/($D$10-$D$11))*(D165-$D$11))+$D$9),IF(D165<=$E$10,(((($E$8-$E$9)/($E$10-$E$11))*(D165-$E$11))+$E$9),IF(D165<=$F$10,(((($F$8-$F$9)/($F$10-$F$11))*(D165-$F$11))+$F$9),IF(D165<=$G$10,(((($G$8-$G$9)/($G$10-$G$11))*(D165-$G$11))+$G$9),((((($H$8-$H$9)/($H$10-$H$11))*(D165-$H$11))+$H$9)))))))) -> #VALUE! | K15: =C315 -> 0 | L15: =IF(D315<=$C$10,(((($C$8-$C$9)/($C$10-$C$11))*(D315-$C$11))+$C$9),(IF(D315<=$D$10,(((($D$8-$D$9)/($D$10-$D$11))*(D315-$D$11))+$D$9),IF(D315<=$E$10,(((($E$8-$E$9)/($E$10-$E$11))*(D315-$E$11))+$E$9),IF(D315<=$F$10,(((($F$8-$F$9)/($F$10-$F$11))*(D315-$F$11))+$F$9),IF(D315<=$G$10,(((($G$8-$G$9)/($G$10-$G$11))*(D315-$G$11))+$G$9),((((($H$8-$H$9)/($H$10-$H$11))*(D315-$H$11))+$H$9)))))))) -> #VALUE! | M15: =C465 -> 0 | N15: =IF(D465<=$C$10,(((($C$8-$C$9)/($C$10-$C$11))*(D465-$C$11))+$C$9),(IF(D465<=$D$10,(((($D$8-$D$9)/($D$10-$D$11))*(D465-$D$11))+$D$9),IF(D465<=$E$10,(((($E$8-$E$9)/($E$10-$E$11))*(D465-$E$11))+$E$9),IF(D465<=$F$10,(((($F$8-$F$9)/($F$10-$F$11))*(D465-$F$11))+$F$9),IF(D465<=$G$10,(((($G$8-$G$9)/($G$10-$G$11))*(D465-$G$11))+$G$9),((((($H$8-$H$9)/($H$10-$H$11))*(D465-$H$11))+$H$9)))))))) -> #VALUE! | O15: =C615 -> 0 | P15: =IF(D615<=$C$10,(((($C$8-$C$9)/($C$10-$C$11))*(D615-$C$11))+$C$9),(IF(D615<=$D$10,(((($D$8-$D$9)/($D$10-$D$11))*(D615-$D$11))+$D$9),IF(D615<=$E$10,(((($E$8-$E$9)/($E$10-$E$11))*(D615-$E$11))+$E$9),IF(D615<=$F$10,(((($F$8-$F$9)/($F$10-$F$11))*(D615-$F$11))+$F$9),IF(D615<=$G$10,(((($G$8-$G$9)/($G$10-$G$11))*(D615-$G$11))+$G$9),((((($H$8-$H$9)/($H$10-$H$11))*(D615-$H$11))+$H$9)))))))) -> #VALUE! | W15: =+IF(H15<=50.99,$J$712,IF(H15<=100.99,$J$713,IF(H15<=150.99,$J$714,IF(H15<=200.99,$J$715,IF(H15<=300.99,$J$716,IF(H15>300,$J$717,IF(ISTEXT(H15),"Descartada"))))))) -> #VALUE!
C16: ='COMPARACIÓN 1H'!A9 -> 0 | D16: ='COMPARACIÓN 1H'!C9 -> - | G16: =C16 -> 0 | H16: =IF(D16<=$C$10,(((($C$8-$C$9)/($C$10-$C$11))*(D16-$C$11))+$C$9),(IF(D16<=$D$10,(((($D$8-$D$9)/($D$10-$D$11))*(D16-$D$11))+$D$9),IF(D16<=$E$10,(((($E$8-$E$9)/($E$10-$E$11))*(D16-$E$11))+$E$9),IF(D16<=$F$10,(((($F$8-$F$9)/($F$10-$F$11))*(D16-$F$11))+$F$9),IF(D16<=$G$10,(((($G$8-$G$9)/($G$10-$G$11))*(D16-$G$11))+$G$9),((((($H$8-$H$9)/($H$10-$H$11))*(D16-$H$11))+$H$9)))))))) -> #VALUE! | I16: =C166 -> 0 | J16: =IF(D166<=$C$10,(((($C$8-$C$9)/($C$10-$C$11))*(D166-$C$11))+$C$9),(IF(D166<=$D$10,(((($D$8-$D$9)/($D$10-$D$11))*(D166-$D$11))+$D$9),IF(D166<=$E$10,(((($E$8-$E$9)/($E$10-$E$11))*(D166-$E$11))+$E$9),IF(D166<=$F$10,(((($F$8-$F$9)/($F$10-$F$11))*(D166-$F$11))+$F$9),IF(D166<=$G$10,(((($G$8-$G$9)/($G$10-$G$11))*(D166-$G$11))+$G$9),((((($H$8-$H$9)/($H$10-$H$11))*(D166-$H$11))+$H$9)))))))) -> #VALUE! | K16: =C316 -> 0 | L16: =IF(D316<=$C$10,(((($C$8-$C$9)/($C$10-$C$11))*(D316-$C$11))+$C$9),(IF(D316<=$D$10,(((($D$8-$D$9)/($D$10-$D$11))*(D316-$D$11))+$D$9),IF(D316<=$E$10,(((($E$8-$E$9)/($E$10-$E$11))*(D316-$E$11))+$E$9),IF(D316<=$F$10,(((($F$8-$F$9)/($F$10-$F$11))*(D316-$F$11))+$F$9),IF(D316<=$G$10,(((($G$8-$G$9)/($G$10-$G$11))*(D316-$G$11))+$G$9),((((($H$8-$H$9)/($H$10-$H$11))*(D316-$H$11))+$H$9)))))))) -> #VALUE! | M16: =C466 -> 0 | N16: =IF(D466<=$C$10,(((($C$8-$C$9)/($C$10-$C$11))*(D466-$C$11))+$C$9),(IF(D466<=$D$10,(((($D$8-$D$9)/($D$10-$D$11))*(D466-$D$11))+$D$9),IF(D466<=$E$10,(((($E$8-$E$9)/($E$10-$E$11))*(D466-$E$11))+$E$9),IF(D466<=$F$10,(((($F$8-$F$9)/($F$10-$F$11))*(D466-$F$11))+$F$9),IF(D466<=$G$10,(((($G$8-$G$9)/($G$10-$G$11))*(D466-$G$11))+$G$9),((((($H$8-$H$9)/($H$10-$H$11))*(D466-$H$11))+$H$9)))))))) -> #VALUE! | O16: =C616 -> 0 | P16: =IF(D616<=$C$10,(((($C$8-$C$9)/($C$10-$C$11))*(D616-$C$11))+$C$9),(IF(D616<=$D$10,(((($D$8-$D$9)/($D$10-$D$11))*(D616-$D$11))+$D$9),IF(D616<=$E$10,(((($E$8-$E$9)/($E$10-$E$11))*(D616-$E$11))+$E$9),IF(D616<=$F$10,(((($F$8-$F$9)/($F$10-$F$11))*(D616-$F$11))+$F$9),IF(D616<=$G$10,(((($G$8-$G$9)/($G$10-$G$11))*(D616-$G$11))+$G$9),((((($H$8-$H$9)/($H$10-$H$11))*(D616-$H$11))+$H$9)))))))) -> #VALUE! | W16: =+IF(H16<=50.99,$J$712,IF(H16<=100.99,$J$713,IF(H16<=150.99,$J$714,IF(H16<=200.99,$J$715,IF(H16<=300.99,$J$716,IF(H16>300,$J$717,IF(ISTEXT(H16),"Descartada"))))))) -> #VALUE!
C17: ='COMPARACIÓN 1H'!A10 -> 0 | D17: ='COMPARACIÓN 1H'!C10 -> - | G17: =C17 -> 0 | H17: =IF(D17<=$C$10,(((($C$8-$C$9)/($C$10-$C$11))*(D17-$C$11))+$C$9),(IF(D17<=$D$10,(((($D$8-$D$9)/($D$10-$D$11))*(D17-$D$11))+$D$9),IF(D17<=$E$10,(((($E$8-$E$9)/($E$10-$E$11))*(D17-$E$11))+$E$9),IF(D17<=$F$10,(((($F$8-$F$9)/($F$10-$F$11))*(D17-$F$11))+$F$9),IF(D17<=$G$10,(((($G$8-$G$9)/($G$10-$G$11))*(D17-$G$11))+$G$9),((((($H$8-$H$9)/($H$10-$H$11))*(D17-$H$11))+$H$9)))))))) -> #VALUE! | I17: =C167 -> 0 | J17: =IF(D167<=$C$10,(((($C$8-$C$9)/($C$10-$C$11))*(D167-$C$11))+$C$9),(IF(D167<=$D$10,(((($D$8-$D$9)/($D$10-$D$11))*(D167-$D$11))+$D$9),IF(D167<=$E$10,(((($E$8-$E$9)/($E$10-$E$11))*(D167-$E$11))+$E$9),IF(D167<=$F$10,(((($F$8-$F$9)/($F$10-$F$11))*(D167-$F$11))+$F$9),IF(D167<=$G$10,(((($G$8-$G$9)/($G$10-$G$11))*(D167-$G$11))+$G$9),((((($H$8-$H$9)/($H$10-$H$11))*(D167-$H$11))+$H$9)))))))) -> #VALUE! | K17: =C317 -> 0 | L17: =IF(D317<=$C$10,(((($C$8-$C$9)/($C$10-$C$11))*(D317-$C$11))+$C$9),(IF(D317<=$D$10,(((($D$8-$D$9)/($D$10-$D$11))*(D317-$D$11))+$D$9),IF(D317<=$E$10,(((($E$8-$E$9)/($E$10-$E$11))*(D317-$E$11))+$E$9),IF(D317<=$F$10,(((($F$8-$F$9)/($F$10-$F$11))*(D317-$F$11))+$F$9),IF(D317<=$G$10,(((($G$8-$G$9)/($G$10-$G$11))*(D317-$G$11))+$G$9),((((($H$8-$H$9)/($H$10-$H$11))*(D317-$H$11))+$H$9)))))))) -> #VALUE! | M17: =C467 -> 0 | N17: =IF(D467<=$C$10,(((($C$8-$C$9)/($C$10-$C$11))*(D467-$C$11))+$C$9),(IF(D467<=$D$10,(((($D$8-$D$9)/($D$10-$D$11))*(D467-$D$11))+$D$9),IF(D467<=$E$10,(((($E$8-$E$9)/($E$10-$E$11))*(D467-$E$11))+$E$9),IF(D467<=$F$10,(((($F$8-$F$9)/($F$10-$F$11))*(D467-$F$11))+$F$9),IF(D467<=$G$10,(((($G$8-$G$9)/($G$10-$G$11))*(D467-$G$11))+$G$9),((((($H$8-$H$9)/($H$10-$H$11))*(D467-$H$11))+$H$9)))))))) -> #VALUE! | O17: =C617 -> 0 | P17: =IF(D617<=$C$10,(((($C$8-$C$9)/($C$10-$C$11))*(D617-$C$11))+$C$9),(IF(D617<=$D$10,(((($D$8-$D$9)/($D$10-$D$11))*(D617-$D$11))+$D$9),IF(D617<=$E$10,(((($E$8-$E$9)/($E$10-$E$11))*(D617-$E$11))+$E$9),IF(D617<=$F$10,(((($F$8-$F$9)/($F$10-$F$11))*(D617-$F$11))+$F$9),IF(D617<=$G$10,(((($G$8-$G$9)/($G$10-$G$11))*(D617-$G$11))+$G$9),((((($H$8-$H$9)/($H$10-$H$11))*(D617-$H$11))+$H$9)))))))) -> #VALUE! | W17: =+IF(H17<=50.99,$J$712,IF(H17<=100.99,$J$713,IF(H17<=150.99,$J$714,IF(H17<=200.99,$J$715,IF(H17<=300.99,$J$716,IF(H17>300,$J$717,IF(ISTEXT(H17),"Descartada"))))))) -> #VALUE!
C18: ='COMPARACIÓN 1H'!A11 -> 0 | D18: ='COMPARACIÓN 1H'!C11 -> - | G18: =C18 -> 0 | H18: =IF(D18<=$C$10,(((($C$8-$C$9)/($C$10-$C$11))*(D18-$C$11))+$C$9),(IF(D18<=$D$10,(((($D$8-$D$9)/($D$10-$D$11))*(D18-$D$11))+$D$9),IF(D18<=$E$10,(((($E$8-$E$9)/($E$10-$E$11))*(D18-$E$11))+$E$9),IF(D18<=$F$10,(((($F$8-$F$9)/($F$10-$F$11))*(D18-$F$11))+$F$9),IF(D18<=$G$10,(((($G$8-$G$9)/($G$10-$G$11))*(D18-$G$11))+$G$9),((((($H$8-$H$9)/($H$10-$H$11))*(D18-$H$11))+$H$9)))))))) -> #VALUE! | I18: =C168 -> 0 | J18: =IF(D168<=$C$10,(((($C$8-$C$9)/($C$10-$C$11))*(D168-$C$11))+$C$9),(IF(D168<=$D$10,(((($D$8-$D$9)/($D$10-$D$11))*(D168-$D$11))+$D$9),IF(D168<=$E$10,(((($E$8-$E$9)/($E$10-$E$11))*(D168-$E$11))+$E$9),IF(D168<=$F$10,(((($F$8-$F$9)/($F$10-$F$11))*(D168-$F$11))+$F$9),IF(D168<=$G$10,(((($G$8-$G$9)/($G$10-$G$11))*(D168-$G$11))+$G$9),((((($H$8-$H$9)/($H$10-$H$11))*(D168-$H$11))+$H$9)))))))) -> #VALUE! | K18: =C318 -> 0 | L18: =IF(D318<=$C$10,(((($C$8-$C$9)/($C$10-$C$11))*(D318-$C$11))+$C$9),(IF(D318<=$D$10,(((($D$8-$D$9)/($D$10-$D$11))*(D318-$D$11))+$D$9),IF(D318<=$E$10,(((($E$8-$E$9)/($E$10-$E$11))*(D318-$E$11))+$E$9),IF(D318<=$F$10,(((($F$8-$F$9)/($F$10-$F$11))*(D318-$F$11))+$F$9),IF(D318<=$G$10,(((($G$8-$G$9)/($G$10-$G$11))*(D318-$G$11))+$G$9),((((($H$8-$H$9)/($H$10-$H$11))*(D318-$H$11))+$H$9)))))))) -> #VALUE! | M18: =C468 -> 0 | N18: =IF(D468<=$C$10,(((($C$8-$C$9)/($C$10-$C$11))*(D468-$C$11))+$C$9),(IF(D468<=$D$10,(((($D$8-$D$9)/($D$10-$D$11))*(D468-$D$11))+$D$9),IF(D468<=$E$10,(((($E$8-$E$9)/($E$10-$E$11))*(D468-$E$11))+$E$9),IF(D468<=$F$10,(((($F$8-$F$9)/($F$10-$F$11))*(D468-$F$11))+$F$9),IF(D468<=$G$10,(((($G$8-$G$9)/($G$10-$G$11))*(D468-$G$11))+$G$9),((((($H$8-$H$9)/($H$10-$H$11))*(D468-$H$11))+$H$9)))))))) -> #VALUE! | O18: =C618 -> 0 | P18: =IF(D618<=$C$10,(((($C$8-$C$9)/($C$10-$C$11))*(D618-$C$11))+$C$9),(IF(D618<=$D$10,(((($D$8-$D$9)/($D$10-$D$11))*(D618-$D$11))+$D$9),IF(D618<=$E$10,(((($E$8-$E$9)/($E$10-$E$11))*(D618-$E$11))+$E$9),IF(D618<=$F$10,(((($F$8-$F$9)/($F$10-$F$11))*(D618-$F$11))+$F$9),IF(D618<=$G$10,(((($G$8-$G$9)/($G$10-$G$11))*(D618-$G$11))+$G$9),((((($H$8-$H$9)/($H$10-$H$11))*(D618-$H$11))+$H$9)))))))) -> #VALUE! | W18: =+IF(H18<=50.99,$J$712,IF(H18<=100.99,$J$713,IF(H18<=150.99,$J$714,IF(H18<=200.99,$J$715,IF(H18<=300.99,$J$716,IF(H18>300,$J$717,IF(ISTEXT(H18),"Descartada"))))))) -> #VALUE!
C19: ='COMPARACIÓN 1H'!A12 -> 0 | D19: ='COMPARACIÓN 1H'!C12 -> - | G19: =C19 -> 0 | H19: =IF(D19<=$C$10,(((($C$8-$C$9)/($C$10-$C$11))*(D19-$C$11))+$C$9),(IF(D19<=$D$10,(((($D$8-$D$9)/($D$10-$D$11))*(D19-$D$11))+$D$9),IF(D19<=$E$10,(((($E$8-$E$9)/($E$10-$E$11))*(D19-$E$11))+$E$9),IF(D19<=$F$10,(((($F$8-$F$9)/($F$10-$F$11))*(D19-$F$11))+$F$9),IF(D19<=$G$10,(((($G$8-$G$9)/($G$10-$G$11))*(D19-$G$11))+$G$9),((((($H$8-$H$9)/($H$10-$H$11))*(D19-$H$11))+$H$9)))))))) -> #VALUE! | I19: =C169 -> 0 | J19: =IF(D169<=$C$10,(((($C$8-$C$9)/($C$10-$C$11))*(D169-$C$11))+$C$9),(IF(D169<=$D$10,(((($D$8-$D$9)/($D$10-$D$11))*(D169-$D$11))+$D$9),IF(D169<=$E$10,(((($E$8-$E$9)/($E$10-$E$11))*(D169-$E$11))+$E$9),IF(D169<=$F$10,(((($F$8-$F$9)/($F$10-$F$11))*(D169-$F$11))+$F$9),IF(D169<=$G$10,(((($G$8-$G$9)/($G$10-$G$11))*(D169-$G$11))+$G$9),((((($H$8-$H$9)/($H$10-$H$11))*(D169-$H$11))+$H$9)))))))) -> #VALUE! | K19: =C319 -> 0 | L19: =IF(D319<=$C$10,(((($C$8-$C$9)/($C$10-$C$11))*(D319-$C$11))+$C$9),(IF(D319<=$D$10,(((($D$8-$D$9)/($D$10-$D$11))*(D319-$D$11))+$D$9),IF(D319<=$E$10,(((($E$8-$E$9)/($E$10-$E$11))*(D319-$E$11))+$E$9),IF(D319<=$F$10,(((($F$8-$F$9)/($F$10-$F$11))*(D319-$F$11))+$F$9),IF(D319<=$G$10,(((($G$8-$G$9)/($G$10-$G$11))*(D319-$G$11))+$G$9),((((($H$8-$H$9)/($H$10-$H$11))*(D319-$H$11))+$H$9)))))))) -> #VALUE! | M19: =C469 -> 0 | N19: =IF(D469<=$C$10,(((($C$8-$C$9)/($C$10-$C$11))*(D469-$C$11))+$C$9),(IF(D469<=$D$10,(((($D$8-$D$9)/($D$10-$D$11))*(D469-$D$11))+$D$9),IF(D469<=$E$10,(((($E$8-$E$9)/($E$10-$E$11))*(D469-$E$11))+$E$9),IF(D469<=$F$10,(((($F$8-$F$9)/($F$10-$F$11))*(D469-$F$11))+$F$9),IF(D469<=$G$10,(((($G$8-$G$9)/($G$10-$G$11))*(D469-$G$11))+$G$9),((((($H$8-$H$9)/($H$10-$H$11))*(D469-$H$11))+$H$9)))))))) -> #VALUE! | O19: =C619 -> 0 | P19: =IF(D619<=$C$10,(((($C$8-$C$9)/($C$10-$C$11))*(D619-$C$11))+$C$9),(IF(D619<=$D$10,(((($D$8-$D$9)/($D$10-$D$11))*(D619-$D$11))+$D$9),IF(D619<=$E$10,(((($E$8-$E$9)/($E$10-$E$11))*(D619-$E$11))+$E$9),IF(D619<=$F$10,(((($F$8-$F$9)/($F$10-$F$11))*(D619-$F$11))+$F$9),IF(D619<=$G$10,(((($G$8-$G$9)/($G$10-$G$11))*(D619-$G$11))+$G$9),((((($H$8-$H$9)/($H$10-$H$11))*(D619-$H$11))+$H$9)))))))) -> #VALUE! | W19: =+IF(H19<=50.99,$J$712,IF(H19<=100.99,$J$713,IF(H19<=150.99,$J$714,IF(H19<=200.99,$J$715,IF(H19<=300.99,$J$716,IF(H19>300,$J$717,IF(ISTEXT(H19),"Descartada"))))))) -> #VALUE!
C20: ='COMPARACIÓN 1H'!A13 -> 0 | D20: ='COMPARACIÓN 1H'!C13 -> - | G20: =C20 -> 0 | H20: =IF(D20<=$C$10,(((($C$8-$C$9)/($C$10-$C$11))*(D20-$C$11))+$C$9),(IF(D20<=$D$10,(((($D$8-$D$9)/($D$10-$D$11))*(D20-$D$11))+$D$9),IF(D20<=$E$10,(((($E$8-$E$9)/($E$10-$E$11))*(D20-$E$11))+$E$9),IF(D20<=$F$10,(((($F$8-$F$9)/($F$10-$F$11))*(D20-$F$11))+$F$9),IF(D20<=$G$10,(((($G$8-$G$9)/($G$10-$G$11))*(D20-$G$11))+$G$9),((((($H$8-$H$9)/($H$10-$H$11))*(D20-$H$11))+$H$9)))))))) -> #VALUE! | I20: =C170 -> 0 | J20: =IF(D170<=$C$10,(((($C$8-$C$9)/($C$10-$C$11))*(D170-$C$11))+$C$9),(IF(D170<=$D$10,(((($D$8-$D$9)/($D$10-$D$11))*(D170-$D$11))+$D$9),IF(D170<=$E$10,(((($E$8-$E$9)/($E$10-$E$11))*(D170-$E$11))+$E$9),IF(D170<=$F$10,(((($F$8-$F$9)/($F$10-$F$11))*(D170-$F$11))+$F$9),IF(D170<=$G$10,(((($G$8-$G$9)/($G$10-$G$11))*(D170-$G$11))+$G$9),((((($H$8-$H$9)/($H$10-$H$11))*(D170-$H$11))+$H$9)))))))) -> #VALUE! | K20: =C320 -> 0 | L20: =IF(D320<=$C$10,(((($C$8-$C$9)/($C$10-$C$11))*(D320-$C$11))+$C$9),(IF(D320<=$D$10,(((($D$8-$D$9)/($D$10-$D$11))*(D320-$D$11))+$D$9),IF(D320<=$E$10,(((($E$8-$E$9)/($E$10-$E$11))*(D320-$E$11))+$E$9),IF(D320<=$F$10,(((($F$8-$F$9)/($F$10-$F$11))*(D320-$F$11))+$F$9),IF(D320<=$G$10,(((($G$8-$G$9)/($G$10-$G$11))*(D320-$G$11))+$G$9),((((($H$8-$H$9)/($H$10-$H$11))*(D320-$H$11))+$H$9)))))))) -> #VALUE! | M20: =C470 -> 0 | N20: =IF(D470<=$C$10,(((($C$8-$C$9)/($C$10-$C$11))*(D470-$C$11))+$C$9),(IF(D470<=$D$10,(((($D$8-$D$9)/($D$10-$D$11))*(D470-$D$11))+$D$9),IF(D470<=$E$10,(((($E$8-$E$9)/($E$10-$E$11))*(D470-$E$11))+$E$9),IF(D470<=$F$10,(((($F$8-$F$9)/($F$10-$F$11))*(D470-$F$11))+$F$9),IF(D470<=$G$10,(((($G$8-$G$9)/($G$10-$G$11))*(D470-$G$11))+$G$9),((((($H$8-$H$9)/($H$10-$H$11))*(D470-$H$11))+$H$9)))))))) -> #VALUE! | O20: =C620 -> 0 | P20: =IF(D620<=$C$10,(((($C$8-$C$9)/($C$10-$C$11))*(D620-$C$11))+$C$9),(IF(D620<=$D$10,(((($D$8-$D$9)/($D$10-$D$11))*(D620-$D$11))+$D$9),IF(D620<=$E$10,(((($E$8-$E$9)/($E$10-$E$11))*(D620-$E$11))+$E$9),IF(D620<=$F$10,(((($F$8-$F$9)/($F$10-$F$11))*(D620-$F$11))+$F$9),IF(D620<=$G$10,(((($G$8-$G$9)/($G$10-$G$11))*(D620-$G$11))+$G$9),((((($H$8-$H$9)/($H$10-$H$11))*(D620-$H$11))+$H$9)))))))) -> #VALUE! | W20: =+IF(H20<=50.99,$J$712,IF(H20<=100.99,$J$713,IF(H20<=150.99,$J$714,IF(H20<=200.99,$J$715,IF(H20<=300.99,$J$716,IF(H20>300,$J$717,IF(ISTEXT(H20),"Descartada"))))))) -> #VALUE!
C21: ='COMPARACIÓN 1H'!A14 -> 0 | D21: ='COMPARACIÓN 1H'!C14 -> - | G21: =C21 -> 0 | H21: =IF(D21<=$C$10,(((($C$8-$C$9)/($C$10-$C$11))*(D21-$C$11))+$C$9),(IF(D21<=$D$10,(((($D$8-$D$9)/($D$10-$D$11))*(D21-$D$11))+$D$9),IF(D21<=$E$10,(((($E$8-$E$9)/($E$10-$E$11))*(D21-$E$11))+$E$9),IF(D21<=$F$10,(((($F$8-$F$9)/($F$10-$F$11))*(D21-$F$11))+$F$9),IF(D21<=$G$10,(((($G$8-$G$9)/($G$10-$G$11))*(D21-$G$11))+$G$9),((((($H$8-$H$9)/($H$10-$H$11))*(D21-$H$11))+$H$9)))))))) -> #VALUE! | I21: =C171 -> 0 | J21: =IF(D171<=$C$10,(((($C$8-$C$9)/($C$10-$C$11))*(D171-$C$11))+$C$9),(IF(D171<=$D$10,(((($D$8-$D$9)/($D$10-$D$11))*(D171-$D$11))+$D$9),IF(D171<=$E$10,(((($E$8-$E$9)/($E$10-$E$11))*(D171-$E$11))+$E$9),IF(D171<=$F$10,(((($F$8-$F$9)/($F$10-$F$11))*(D171-$F$11))+$F$9),IF(D171<=$G$10,(((($G$8-$G$9)/($G$10-$G$11))*(D171-$G$11))+$G$9),((((($H$8-$H$9)/($H$10-$H$11))*(D171-$H$11))+$H$9)))))))) -> #VALUE! | K21: =C321 -> 0 | L21: =IF(D321<=$C$10,(((($C$8-$C$9)/($C$10-$C$11))*(D321-$C$11))+$C$9),(IF(D321<=$D$10,(((($D$8-$D$9)/($D$10-$D$11))*(D321-$D$11))+$D$9),IF(D321<=$E$10,(((($E$8-$E$9)/($E$10-$E$11))*(D321-$E$11))+$E$9),IF(D321<=$F$10,(((($F$8-$F$9)/($F$10-$F$11))*(D321-$F$11))+$F$9),IF(D321<=$G$10,(((($G$8-$G$9)/($G$10-$G$11))*(D321-$G$11))+$G$9),((((($H$8-$H$9)/($H$10-$H$11))*(D321-$H$11))+$H$9)))))))) -> #VALUE! | M21: =C471 -> 0 | N21: =IF(D471<=$C$10,(((($C$8-$C$9)/($C$10-$C$11))*(D471-$C$11))+$C$9),(IF(D471<=$D$10,(((($D$8-$D$9)/($D$10-$D$11))*(D471-$D$11))+$D$9),IF(D471<=$E$10,(((($E$8-$E$9)/($E$10-$E$11))*(D471-$E$11))+$E$9),IF(D471<=$F$10,(((($F$8-$F$9)/($F$10-$F$11))*(D471-$F$11))+$F$9),IF(D471<=$G$10,(((($G$8-$G$9)/($G$10-$G$11))*(D471-$G$11))+$G$9),((((($H$8-$H$9)/($H$10-$H$11))*(D471-$H$11))+$H$9)))))))) -> #VALUE! | O21: =C621 -> 0 | P21: =IF(D621<=$C$10,(((($C$8-$C$9)/($C$10-$C$11))*(D621-$C$11))+$C$9),(IF(D621<=$D$10,(((($D$8-$D$9)/($D$10-$D$11))*(D621-$D$11))+$D$9),IF(D621<=$E$10,(((($E$8-$E$9)/($E$10-$E$11))*(D621-$E$11))+$E$9),IF(D621<=$F$10,(((($F$8-$F$9)/($F$10-$F$11))*(D621-$F$11))+$F$9),IF(D621<=$G$10,(((($G$8-$G$9)/($G$10-$G$11))*(D621-$G$11))+$G$9),((((($H$8-$H$9)/($H$10-$H$11))*(D621-$H$11))+$H$9)))))))) -> #VALUE! | W21: *
C22: ='COMPARACIÓN 1H'!A15 -> 0 | D22: ='COMPARACIÓN 1H'!C15 -> - | G22: =C22 -> 0 | H22: =IF(D22<=$C$10,(((($C$8-$C$9)/($C$10-$C$11))*(D22-$C$11))+$C$9),(IF(D22<=$D$10,(((($D$8-$D$9)/($D$10-$D$11))*(D22-$D$11))+$D$9),IF(D22<=$E$10,(((($E$8-$E$9)/($E$10-$E$11))*(D22-$E$11))+$E$9),IF(D22<=$F$10,(((($F$8-$F$9)/($F$10-$F$11))*(D22-$F$11))+$F$9),IF(D22<=$G$10,(((($G$8-$G$9)/($G$10-$G$11))*(D22-$G$11))+$G$9),((((($H$8-$H$9)/($H$10-$H$11))*(D22-$H$11))+$H$9)))))))) -> #VALUE! | I22: =C172 -> 0 | J22: =IF(D172<=$C$10,(((($C$8-$C$9)/($C$10-$C$11))*(D172-$C$11))+$C$9),(IF(D172<=$D$10,(((($D$8-$D$9)/($D$10-$D$11))*(D172-$D$11))+$D$9),IF(D172<=$E$10,(((($E$8-$E$9)/($E$10-$E$11))*(D172-$E$11))+$E$9),IF(D172<=$F$10,(((($F$8-$F$9)/($F$10-$F$11))*(D172-$F$11))+$F$9),IF(D172<=$G$10,(((($G$8-$G$9)/($G$10-$G$11))*(D172-$G$11))+$G$9),((((($H$8-$H$9)/($H$10-$H$11))*(D172-$H$11))+$H$9)))))))) -> #VALUE! | K22: =C322 -> 0 | L22: =IF(D322<=$C$10,(((($C$8-$C$9)/($C$10-$C$11))*(D322-$C$11))+$C$9),(IF(D322<=$D$10,(((($D$8-$D$9)/($D$10-$D$11))*(D322-$D$11))+$D$9),IF(D322<=$E$10,(((($E$8-$E$9)/($E$10-$E$11))*(D322-$E$11))+$E$9),IF(D322<=$F$10,(((($F$8-$F$9)/($F$10-$F$11))*(D322-$F$11))+$F$9),IF(D322<=$G$10,(((($G$8-$G$9)/($G$10-$G$11))*(D322-$G$11))+$G$9),((((($H$8-$H$9)/($H$10-$H$11))*(D322-$H$11))+$H$9)))))))) -> #VALUE! | M22: =C472 -> 0 | N22: =IF(D472<=$C$10,(((($C$8-$C$9)/($C$10-$C$11))*(D472-$C$11))+$C$9),(IF(D472<=$D$10,(((($D$8-$D$9)/($D$10-$D$11))*(D472-$D$11))+$D$9),IF(D472<=$E$10,(((($E$8-$E$9)/($E$10-$E$11))*(D472-$E$11))+$E$9),IF(D472<=$F$10,(((($F$8-$F$9)/($F$10-$F$11))*(D472-$F$11))+$F$9),IF(D472<=$G$10,(((($G$8-$G$9)/($G$10-$G$11))*(D472-$G$11))+$G$9),((((($H$8-$H$9)/($H$10-$H$11))*(D472-$H$11))+$H$9)))))))) -> #VALUE! | O22: =C622 -> 0 | P22: =IF(D622<=$C$10,(((($C$8-$C$9)/($C$10-$C$11))*(D622-$C$11))+$C$9),(IF(D622<=$D$10,(((($D$8-$D$9)/($D$10-$D$11))*(D622-$D$11))+$D$9),IF(D622<=$E$10,(((($E$8-$E$9)/($E$10-$E$11))*(D622-$E$11))+$E$9),IF(D622<=$F$10,(((($F$8-$F$9)/($F$10-$F$11))*(D622-$F$11))+$F$9),IF(D622<=$G$10,(((($G$8-$G$9)/($G$10-$G$11))*(D622-$G$11))+$G$9),((((($H$8-$H$9)/($H$10-$H$11))*(D622-$H$11))+$H$9)))))))) -> #VALUE! | W22: =+IF(H22<=50.99,$J$712,IF(H22<=100.99,$J$713,IF(H22<=150.99,$J$714,IF(H22<=200.99,$J$715,IF(H22<=300.99,$J$716,IF(H22>300,$J$717,IF(ISTEXT(H22),"Descartada"))))))) -> #VALUE!
C23: ='COMPARACIÓN 1H'!A16 -> 0 | D23: ='COMPARACIÓN 1H'!C16 -> - | G23: =C23 -> 0 | H23: =IF(D23<=$C$10,(((($C$8-$C$9)/($C$10-$C$11))*(D23-$C$11))+$C$9),(IF(D23<=$D$10,(((($D$8-$D$9)/($D$10-$D$11))*(D23-$D$11))+$D$9),IF(D23<=$E$10,(((($E$8-$E$9)/($E$10-$E$11))*(D23-$E$11))+$E$9),IF(D23<=$F$10,(((($F$8-$F$9)/($F$10-$F$11))*(D23-$F$11))+$F$9),IF(D23<=$G$10,(((($G$8-$G$9)/($G$10-$G$11))*(D23-$G$11))+$G$9),((((($H$8-$H$9)/($H$10-$H$11))*(D23-$H$11))+$H$9)))))))) -> #VALUE! | I23: =C173 -> 0 | J23: =IF(D173<=$C$10,(((($C$8-$C$9)/($C$10-$C$11))*(D173-$C$11))+$C$9),(IF(D173<=$D$10,(((($D$8-$D$9)/($D$10-$D$11))*(D173-$D$11))+$D$9),IF(D173<=$E$10,(((($E$8-$E$9)/($E$10-$E$11))*(D173-$E$11))+$E$9),IF(D173<=$F$10,(((($F$8-$F$9)/($F$10-$F$11))*(D173-$F$11))+$F$9),IF(D173<=$G$10,(((($G$8-$G$9)/($G$10-$G$11))*(D173-$G$11))+$G$9),((((($H$8-$H$9)/($H$10-$H$11))*(D173-$H$11))+$H$9)))))))) -> #VALUE! | K23: =C323 -> 0 | L23: =IF(D323<=$C$10,(((($C$8-$C$9)/($C$10-$C$11))*(D323-$C$11))+$C$9),(IF(D323<=$D$10,(((($D$8-$D$9)/($D$10-$D$11))*(D323-$D$11))+$D$9),IF(D323<=$E$10,(((($E$8-$E$9)/($E$10-$E$11))*(D323-$E$11))+$E$9),IF(D323<=$F$10,(((($F$8-$F$9)/($F$10-$F$11))*(D323-$F$11))+$F$9),IF(D323<=$G$10,(((($G$8-$G$9)/($G$10-$G$11))*(D323-$G$11))+$G$9),((((($H$8-$H$9)/($H$10-$H$11))*(D323-$H$11))+$H$9)))))))) -> #VALUE! | M23: =C473 -> 0 | N23: =IF(D473<=$C$10,(((($C$8-$C$9)/($C$10-$C$11))*(D473-$C$11))+$C$9),(IF(D473<=$D$10,(((($D$8-$D$9)/($D$10-$D$11))*(D473-$D$11))+$D$9),IF(D473<=$E$10,(((($E$8-$E$9)/($E$10-$E$11))*(D473-$E$11))+$E$9),IF(D473<=$F$10,(((($F$8-$F$9)/($F$10-$F$11))*(D473-$F$11))+$F$9),IF(D473<=$G$10,(((($G$8-$G$9)/($G$10-$G$11))*(D473-$G$11))+$G$9),((((($H$8-$H$9)/($H$10-$H$11))*(D473-$H$11))+$H$9)))))))) -> #VALUE! | O23: =C623 -> 0 | P23: =IF(D623<=$C$10,(((($C$8-$C$9)/($C$10-$C$11))*(D623-$C$11))+$C$9),(IF(D623<=$D$10,(((($D$8-$D$9)/($D$10-$D$11))*(D623-$D$11))+$D$9),IF(D623<=$E$10,(((($E$8-$E$9)/($E$10-$E$11))*(D623-$E$11))+$E$9),IF(D623<=$F$10,(((($F$8-$F$9)/($F$10-$F$11))*(D623-$F$11))+$F$9),IF(D623<=$G$10,(((($G$8-$G$9)/($G$10-$G$11))*(D623-$G$11))+$G$9),((((($H$8-$H$9)/($H$10-$H$11))*(D623-$H$11))+$H$9)))))))) -> #VALUE! | W23: =+IF(H23<=50.99,$J$712,IF(H23<=100.99,$J$713,IF(H23<=150.99,$J$714,IF(H23<=200.99,$J$715,IF(H23<=300.99,$J$716,IF(H23>300,$J$717,IF(ISTEXT(H23),"Descartada"))))))) -> #VALUE!
C24: ='COMPARACIÓN 1H'!A17 -> 0 | D24: ='COMPARACIÓN 1H'!C17 -> - | G24: =C24 -> 0 | H24: =IF(D24<=$C$10,(((($C$8-$C$9)/($C$10-$C$11))*(D24-$C$11))+$C$9),(IF(D24<=$D$10,(((($D$8-$D$9)/($D$10-$D$11))*(D24-$D$11))+$D$9),IF(D24<=$E$10,(((($E$8-$E$9)/($E$10-$E$11))*(D24-$E$11))+$E$9),IF(D24<=$F$10,(((($F$8-$F$9)/($F$10-$F$11))*(D24-$F$11))+$F$9),IF(D24<=$G$10,(((($G$8-$G$9)/($G$10-$G$11))*(D24-$G$11))+$G$9),((((($H$8-$H$9)/($H$10-$H$11))*(D24-$H$11))+$H$9)))))))) -> #VALUE! | I24: =C174 -> 0 | J24: =IF(D174<=$C$10,(((($C$8-$C$9)/($C$10-$C$11))*(D174-$C$11))+$C$9),(IF(D174<=$D$10,(((($D$8-$D$9)/($D$10-$D$11))*(D174-$D$11))+$D$9),IF(D174<=$E$10,(((($E$8-$E$9)/($E$10-$E$11))*(D174-$E$11))+$E$9),IF(D174<=$F$10,(((($F$8-$F$9)/($F$10-$F$11))*(D174-$F$11))+$F$9),IF(D174<=$G$10,(((($G$8-$G$9)/($G$10-$G$11))*(D174-$G$11))+$G$9),((((($H$8-$H$9)/($H$10-$H$11))*(D174-$H$11))+$H$9)))))))) -> #VALUE! | K24: =C324 -> 0 | L24: =IF(D324<=$C$10,(((($C$8-$C$9)/($C$10-$C$11))*(D324-$C$11))+$C$9),(IF(D324<=$D$10,(((($D$8-$D$9)/($D$10-$D$11))*(D324-$D$11))+$D$9),IF(D324<=$E$10,(((($E$8-$E$9)/($E$10-$E$11))*(D324-$E$11))+$E$9),IF(D324<=$F$10,(((($F$8-$F$9)/($F$10-$F$11))*(D324-$F$11))+$F$9),IF(D324<=$G$10,(((($G$8-$G$9)/($G$10-$G$11))*(D324-$G$11))+$G$9),((((($H$8-$H$9)/($H$10-$H$11))*(D324-$H$11))+$H$9)))))))) -> #VALUE! | M24: =C474 -> 0 | N24: =IF(D474<=$C$10,(((($C$8-$C$9)/($C$10-$C$11))*(D474-$C$11))+$C$9),(IF(D474<=$D$10,(((($D$8-$D$9)/($D$10-$D$11))*(D474-$D$11))+$D$9),IF(D474<=$E$10,(((($E$8-$E$9)/($E$10-$E$11))*(D474-$E$11))+$E$9),IF(D474<=$F$10,(((($F$8-$F$9)/($F$10-$F$11))*(D474-$F$11))+$F$9),IF(D474<=$G$10,(((($G$8-$G$9)/($G$10-$G$11))*(D474-$G$11))+$G$9),((((($H$8-$H$9)/($H$10-$H$11))*(D474-$H$11))+$H$9)))))))) -> #VALUE! | O24: =C624 -> 0 | P24: =IF(D624<=$C$10,(((($C$8-$C$9)/($C$10-$C$11))*(D624-$C$11))+$C$9),(IF(D624<=$D$10,(((($D$8-$D$9)/($D$10-$D$11))*(D624-$D$11))+$D$9),IF(D624<=$E$10,(((($E$8-$E$9)/($E$10-$E$11))*(D624-$E$11))+$E$9),IF(D624<=$F$10,(((($F$8-$F$9)/($F$10-$F$11))*(D624-$F$11))+$F$9),IF(D624<=$G$10,(((($G$8-$G$9)/($G$10-$G$11))*(D624-$G$11))+$G$9),((((($H$8-$H$9)/($H$10-$H$11))*(D624-$H$11))+$H$9)))))))) -> #VALUE! | W24: =+IF(H24<=50.99,$J$712,IF(H24<=100.99,$J$713,IF(H24<=150.99,$J$714,IF(H24<=200.99,$J$715,IF(H24<=300.99,$J$716,IF(H24>300,$J$717,IF(ISTEXT(H24),"Descartada"))))))) -> #VALUE!
C25: ='COMPARACIÓN 1H'!A18 -> 0 | D25: ='COMPARACIÓN 1H'!C18 -> - | G25: =C25 -> 0 | H25: =IF(D25<=$C$10,(((($C$8-$C$9)/($C$10-$C$11))*(D25-$C$11))+$C$9),(IF(D25<=$D$10,(((($D$8-$D$9)/($D$10-$D$11))*(D25-$D$11))+$D$9),IF(D25<=$E$10,(((($E$8-$E$9)/($E$10-$E$11))*(D25-$E$11))+$E$9),IF(D25<=$F$10,(((($F$8-$F$9)/($F$10-$F$11))*(D25-$F$11))+$F$9),IF(D25<=$G$10,(((($G$8-$G$9)/($G$10-$G$11))*(D25-$G$11))+$G$9),((((($H$8-$H$9)/($H$10-$H$11))*(D25-$H$11))+$H$9)))))))) -> #VALUE! | I25: =C175 -> 0 | J25: =IF(D175<=$C$10,(((($C$8-$C$9)/($C$10-$C$11))*(D175-$C$11))+$C$9),(IF(D175<=$D$10,(((($D$8-$D$9)/($D$10-$D$11))*(D175-$D$11))+$D$9),IF(D175<=$E$10,(((($E$8-$E$9)/($E$10-$E$11))*(D175-$E$11))+$E$9),IF(D175<=$F$10,(((($F$8-$F$9)/($F$10-$F$11))*(D175-$F$11))+$F$9),IF(D175<=$G$10,(((($G$8-$G$9)/($G$10-$G$11))*(D175-$G$11))+$G$9),((((($H$8-$H$9)/($H$10-$H$11))*(D175-$H$11))+$H$9)))))))) -> #VALUE! | K25: =C325 -> 0 | L25: =IF(D325<=$C$10,(((($C$8-$C$9)/($C$10-$C$11))*(D325-$C$11))+$C$9),(IF(D325<=$D$10,(((($D$8-$D$9)/($D$10-$D$11))*(D325-$D$11))+$D$9),IF(D325<=$E$10,(((($E$8-$E$9)/($E$10-$E$11))*(D325-$E$11))+$E$9),IF(D325<=$F$10,(((($F$8-$F$9)/($F$10-$F$11))*(D325-$F$11))+$F$9),IF(D325<=$G$10,(((($G$8-$G$9)/($G$10-$G$11))*(D325-$G$11))+$G$9),((((($H$8-$H$9)/($H$10-$H$11))*(D325-$H$11))+$H$9)))))))) -> #VALUE! | M25: =C475 -> 0 | N25: =IF(D475<=$C$10,(((($C$8-$C$9)/($C$10-$C$11))*(D475-$C$11))+$C$9),(IF(D475<=$D$10,(((($D$8-$D$9)/($D$10-$D$11))*(D475-$D$11))+$D$9),IF(D475<=$E$10,(((($E$8-$E$9)/($E$10-$E$11))*(D475-$E$11))+$E$9),IF(D475<=$F$10,(((($F$8-$F$9)/($F$10-$F$11))*(D475-$F$11))+$F$9),IF(D475<=$G$10,(((($G$8-$G$9)/($G$10-$G$11))*(D475-$G$11))+$G$9),((((($H$8-$H$9)/($H$10-$H$11))*(D475-$H$11))+$H$9)))))))) -> #VALUE! | O25: =C625 -> 0 | P25: =IF(D625<=$C$10,(((($C$8-$C$9)/($C$10-$C$11))*(D625-$C$11))+$C$9),(IF(D625<=$D$10,(((($D$8-$D$9)/($D$10-$D$11))*(D625-$D$11))+$D$9),IF(D625<=$E$10,(((($E$8-$E$9)/($E$10-$E$11))*(D625-$E$11))+$E$9),IF(D625<=$F$10,(((($F$8-$F$9)/($F$10-$F$11))*(D625-$F$11))+$F$9),IF(D625<=$G$10,(((($G$8-$G$9)/($G$10-$G$11))*(D625-$G$11))+$G$9),((((($H$8-$H$9)/($H$10-$H$11))*(D625-$H$11))+$H$9)))))))) -> #VALUE! | W25: =+IF(H25<=50.99,$J$712,IF(H25<=100.99,$J$713,IF(H25<=150.99,$J$714,IF(H25<=200.99,$J$715,IF(H25<=300.99,$J$716,IF(H25>300,$J$717,IF(ISTEXT(H25),"Descartada"))))))) -> #VALUE!
C26: ='COMPARACIÓN 1H'!A19 -> 0 | D26: ='COMPARACIÓN 1H'!C19 -> - | G26: =C26 -> 0 | H26: =IF(D26<=$C$10,(((($C$8-$C$9)/($C$10-$C$11))*(D26-$C$11))+$C$9),(IF(D26<=$D$10,(((($D$8-$D$9)/($D$10-$D$11))*(D26-$D$11))+$D$9),IF(D26<=$E$10,(((($E$8-$E$9)/($E$10-$E$11))*(D26-$E$11))+$E$9),IF(D26<=$F$10,(((($F$8-$F$9)/($F$10-$F$11))*(D26-$F$11))+$F$9),IF(D26<=$G$10,(((($G$8-$G$9)/($G$10-$G$11))*(D26-$G$11))+$G$9),((((($H$8-$H$9)/($H$10-$H$11))*(D26-$H$11))+$H$9)))))))) -> #VALUE! | I26: =C176 -> 0 | J26: =IF(D176<=$C$10,(((($C$8-$C$9)/($C$10-$C$11))*(D176-$C$11))+$C$9),(IF(D176<=$D$10,(((($D$8-$D$9)/($D$10-$D$11))*(D176-$D$11))+$D$9),IF(D176<=$E$10,(((($E$8-$E$9)/($E$10-$E$11))*(D176-$E$11))+$E$9),IF(D176<=$F$10,(((($F$8-$F$9)/($F$10-$F$11))*(D176-$F$11))+$F$9),IF(D176<=$G$10,(((($G$8-$G$9)/($G$10-$G$11))*(D176-$G$11))+$G$9),((((($H$8-$H$9)/($H$10-$H$11))*(D176-$H$11))+$H$9)))))))) -> #VALUE! | K26: =C326 -> 0 | L26: =IF(D326<=$C$10,(((($C$8-$C$9)/($C$10-$C$11))*(D326-$C$11))+$C$9),(IF(D326<=$D$10,(((($D$8-$D$9)/($D$10-$D$11))*(D326-$D$11))+$D$9),IF(D326<=$E$10,(((($E$8-$E$9)/($E$10-$E$11))*(D326-$E$11))+$E$9),IF(D326<=$F$10,(((($F$8-$F$9)/($F$10-$F$11))*(D326-$F$11))+$F$9),IF(D326<=$G$10,(((($G$8-$G$9)/($G$10-$G$11))*(D326-$G$11))+$G$9),((((($H$8-$H$9)/($H$10-$H$11))*(D326-$H$11))+$H$9)))))))) -> #VALUE! | M26: =C476 -> 0 | N26: =IF(D476<=$C$10,(((($C$8-$C$9)/($C$10-$C$11))*(D476-$C$11))+$C$9),(IF(D476<=$D$10,(((($D$8-$D$9)/($D$10-$D$11))*(D476-$D$11))+$D$9),IF(D476<=$E$10,(((($E$8-$E$9)/($E$10-$E$11))*(D476-$E$11))+$E$9),IF(D476<=$F$10,(((($F$8-$F$9)/($F$10-$F$11))*(D476-$F$11))+$F$9),IF(D476<=$G$10,(((($G$8-$G$9)/($G$10-$G$11))*(D476-$G$11))+$G$9),((((($H$8-$H$9)/($H$10-$H$11))*(D476-$H$11))+$H$9)))))))) -> #VALUE! | O26: =C626 -> 0 | P26: =IF(D626<=$C$10,(((($C$8-$C$9)/($C$10-$C$11))*(D626-$C$11))+$C$9),(IF(D626<=$D$10,(((($D$8-$D$9)/($D$10-$D$11))*(D626-$D$11))+$D$9),IF(D626<=$E$10,(((($E$8-$E$9)/($E$10-$E$11))*(D626-$E$11))+$E$9),IF(D626<=$F$10,(((($F$8-$F$9)/($F$10-$F$11))*(D626-$F$11))+$F$9),IF(D626<=$G$10,(((($G$8-$G$9)/($G$10-$G$11))*(D626-$G$11))+$G$9),((((($H$8-$H$9)/($H$10-$H$11))*(D626-$H$11))+$H$9)))))))) -> #VALUE! | W26: =+IF(H26<=50.99,$J$712,IF(H26<=100.99,$J$713,IF(H26<=150.99,$J$714,IF(H26<=200.99,$J$715,IF(H26<=300.99,$J$716,IF(H26>300,$J$717,IF(ISTEXT(H26),"Descartada"))))))) -> #VALUE!
C27: ='COMPARACIÓN 1H'!A20 -> 0 | D27: ='COMPARACIÓN 1H'!C20 -> - | G27: =C27 -> 0 | H27: =IF(D27<=$C$10,(((($C$8-$C$9)/($C$10-$C$11))*(D27-$C$11))+$C$9),(IF(D27<=$D$10,(((($D$8-$D$9)/($D$10-$D$11))*(D27-$D$11))+$D$9),IF(D27<=$E$10,(((($E$8-$E$9)/($E$10-$E$11))*(D27-$E$11))+$E$9),IF(D27<=$F$10,(((($F$8-$F$9)/($F$10-$F$11))*(D27-$F$11))+$F$9),IF(D27<=$G$10,(((($G$8-$G$9)/($G$10-$G$11))*(D27-$G$11))+$G$9),((((($H$8-$H$9)/($H$10-$H$11))*(D27-$H$11))+$H$9)))))))) -> #VALUE! | I27: =C177 -> 0 | J27: =IF(D177<=$C$10,(((($C$8-$C$9)/($C$10-$C$11))*(D177-$C$11))+$C$9),(IF(D177<=$D$10,(((($D$8-$D$9)/($D$10-$D$11))*(D177-$D$11))+$D$9),IF(D177<=$E$10,(((($E$8-$E$9)/($E$10-$E$11))*(D177-$E$11))+$E$9),IF(D177<=$F$10,(((($F$8-$F$9)/($F$10-$F$11))*(D177-$F$11))+$F$9),IF(D177<=$G$10,(((($G$8-$G$9)/($G$10-$G$11))*(D177-$G$11))+$G$9),((((($H$8-$H$9)/($H$10-$H$11))*(D177-$H$11))+$H$9)))))))) -> #VALUE! | K27: =C327 -> 0 | L27: =IF(D327<=$C$10,(((($C$8-$C$9)/($C$10-$C$11))*(D327-$C$11))+$C$9),(IF(D327<=$D$10,(((($D$8-$D$9)/($D$10-$D$11))*(D327-$D$11))+$D$9),IF(D327<=$E$10,(((($E$8-$E$9)/($E$10-$E$11))*(D327-$E$11))+$E$9),IF(D327<=$F$10,(((($F$8-$F$9)/($F$10-$F$11))*(D327-$F$11))+$F$9),IF(D327<=$G$10,(((($G$8-$G$9)/($G$10-$G$11))*(D327-$G$11))+$G$9),((((($H$8-$H$9)/($H$10-$H$11))*(D327-$H$11))+$H$9)))))))) -> #VALUE! | M27: =C477 -> 0 | N27: =IF(D477<=$C$10,(((($C$8-$C$9)/($C$10-$C$11))*(D477-$C$11))+$C$9),(IF(D477<=$D$10,(((($D$8-$D$9)/($D$10-$D$11))*(D477-$D$11))+$D$9),IF(D477<=$E$10,(((($E$8-$E$9)/($E$10-$E$11))*(D477-$E$11))+$E$9),IF(D477<=$F$10,(((($F$8-$F$9)/($F$10-$F$11))*(D477-$F$11))+$F$9),IF(D477<=$G$10,(((($G$8-$G$9)/($G$10-$G$11))*(D477-$G$11))+$G$9),((((($H$8-$H$9)/($H$10-$H$11))*(D477-$H$11))+$H$9)))))))) -> #VALUE! | O27: =C627 -> 0 | P27: =IF(D627<=$C$10,(((($C$8-$C$9)/($C$10-$C$11))*(D627-$C$11))+$C$9),(IF(D627<=$D$10,(((($D$8-$D$9)/($D$10-$D$11))*(D627-$D$11))+$D$9),IF(D627<=$E$10,(((($E$8-$E$9)/($E$10-$E$11))*(D627-$E$11))+$E$9),IF(D627<=$F$10,(((($F$8-$F$9)/($F$10-$F$11))*(D627-$F$11))+$F$9),IF(D627<=$G$10,(((($G$8-$G$9)/($G$10-$G$11))*(D627-$G$11))+$G$9),((((($H$8-$H$9)/($H$10-$H$11))*(D627-$H$11))+$H$9)))))))) -> #VALUE! | W27: =+IF(H27<=50.99,$J$712,IF(H27<=100.99,$J$713,IF(H27<=150.99,$J$714,IF(H27<=200.99,$J$715,IF(H27<=300.99,$J$716,IF(H27>300,$J$717,IF(ISTEXT(H27),"Descartada"))))))) -> #VALUE!
C28: ='COMPARACIÓN 1H'!A21 -> 0 | D28: ='COMPARACIÓN 1H'!C21 -> - | G28: =C28 -> 0 | H28: =IF(D28<=$C$10,(((($C$8-$C$9)/($C$10-$C$11))*(D28-$C$11))+$C$9),(IF(D28<=$D$10,(((($D$8-$D$9)/($D$10-$D$11))*(D28-$D$11))+$D$9),IF(D28<=$E$10,(((($E$8-$E$9)/($E$10-$E$11))*(D28-$E$11))+$E$9),IF(D28<=$F$10,(((($F$8-$F$9)/($F$10-$F$11))*(D28-$F$11))+$F$9),IF(D28<=$G$10,(((($G$8-$G$9)/($G$10-$G$11))*(D28-$G$11))+$G$9),((((($H$8-$H$9)/($H$10-$H$11))*(D28-$H$11))+$H$9)))))))) -> #VALUE! | I28: =C178 -> 0 | J28: =IF(D178<=$C$10,(((($C$8-$C$9)/($C$10-$C$11))*(D178-$C$11))+$C$9),(IF(D178<=$D$10,(((($D$8-$D$9)/($D$10-$D$11))*(D178-$D$11))+$D$9),IF(D178<=$E$10,(((($E$8-$E$9)/($E$10-$E$11))*(D178-$E$11))+$E$9),IF(D178<=$F$10,(((($F$8-$F$9)/($F$10-$F$11))*(D178-$F$11))+$F$9),IF(D178<=$G$10,(((($G$8-$G$9)/($G$10-$G$11))*(D178-$G$11))+$G$9),((((($H$8-$H$9)/($H$10-$H$11))*(D178-$H$11))+$H$9)))))))) -> #VALUE! | K28: =C328 -> 0 | L28: =IF(D328<=$C$10,(((($C$8-$C$9)/($C$10-$C$11))*(D328-$C$11))+$C$9),(IF(D328<=$D$10,(((($D$8-$D$9)/($D$10-$D$11))*(D328-$D$11))+$D$9),IF(D328<=$E$10,(((($E$8-$E$9)/($E$10-$E$11))*(D328-$E$11))+$E$9),IF(D328<=$F$10,(((($F$8-$F$9)/($F$10-$F$11))*(D328-$F$11))+$F$9),IF(D328<=$G$10,(((($G$8-$G$9)/($G$10-$G$11))*(D328-$G$11))+$G$9),((((($H$8-$H$9)/($H$10-$H$11))*(D328-$H$11))+$H$9)))))))) -> #VALUE! | M28: =C478 -> 0 | N28: =IF(D478<=$C$10,(((($C$8-$C$9)/($C$10-$C$11))*(D478-$C$11))+$C$9),(IF(D478<=$D$10,(((($D$8-$D$9)/($D$10-$D$11))*(D478-$D$11))+$D$9),IF(D478<=$E$10,(((($E$8-$E$9)/($E$10-$E$11))*(D478-$E$11))+$E$9),IF(D478<=$F$10,(((($F$8-$F$9)/($F$10-$F$11))*(D478-$F$11))+$F$9),IF(D478<=$G$10,(((($G$8-$G$9)/($G$10-$G$11))*(D478-$G$11))+$G$9),((((($H$8-$H$9)/($H$10-$H$11))*(D478-$H$11))+$H$9)))))))) -> #VALUE! | O28: =C628 -> 0 | P28: =IF(D628<=$C$10,(((($C$8-$C$9)/($C$10-$C$11))*(D628-$C$11))+$C$9),(IF(D628<=$D$10,(((($D$8-$D$9)/($D$10-$D$11))*(D628-$D$11))+$D$9),IF(D628<=$E$10,(((($E$8-$E$9)/($E$10-$E$11))*(D628-$E$11))+$E$9),IF(D628<=$F$10,(((($F$8-$F$9)/($F$10-$F$11))*(D628-$F$11))+$F$9),IF(D628<=$G$10,(((($G$8-$G$9)/($G$10-$G$11))*(D628-$G$11))+$G$9),((((($H$8-$H$9)/($H$10-$H$11))*(D628-$H$11))+$H$9)))))))) -> #VALUE! | W28: =+IF(H28<=50.99,$J$712,IF(H28<=100.99,$J$713,IF(H28<=150.99,$J$714,IF(H28<=200.99,$J$715,IF(H28<=300.99,$J$716,IF(H28>300,$J$717,IF(ISTEXT(H28),"Descartada"))))))) -> #VALUE!
C29: ='COMPARACIÓN 1H'!A22 -> 0 | D29: ='COMPARACIÓN 1H'!C22 -> - | G29: =C29 -> 0 | H29: =IF(D29<=$C$10,(((($C$8-$C$9)/($C$10-$C$11))*(D29-$C$11))+$C$9),(IF(D29<=$D$10,(((($D$8-$D$9)/($D$10-$D$11))*(D29-$D$11))+$D$9),IF(D29<=$E$10,(((($E$8-$E$9)/($E$10-$E$11))*(D29-$E$11))+$E$9),IF(D29<=$F$10,(((($F$8-$F$9)/($F$10-$F$11))*(D29-$F$11))+$F$9),IF(D29<=$G$10,(((($G$8-$G$9)/($G$10-$G$11))*(D29-$G$11))+$G$9),((((($H$8-$H$9)/($H$10-$H$11))*(D29-$H$11))+$H$9)))))))) -> #VALUE! | I29: =C179 -> 0 | J29: =IF(D179<=$C$10,(((($C$8-$C$9)/($C$10-$C$11))*(D179-$C$11))+$C$9),(IF(D179<=$D$10,(((($D$8-$D$9)/($D$10-$D$11))*(D179-$D$11))+$D$9),IF(D179<=$E$10,(((($E$8-$E$9)/($E$10-$E$11))*(D179-$E$11))+$E$9),IF(D179<=$F$10,(((($F$8-$F$9)/($F$10-$F$11))*(D179-$F$11))+$F$9),IF(D179<=$G$10,(((($G$8-$G$9)/($G$10-$G$11))*(D179-$G$11))+$G$9),((((($H$8-$H$9)/($H$10-$H$11))*(D179-$H$11))+$H$9)))))))) -> #VALUE! | K29: =C329 -> 0 | L29: =IF(D329<=$C$10,(((($C$8-$C$9)/($C$10-$C$11))*(D329-$C$11))+$C$9),(IF(D329<=$D$10,(((($D$8-$D$9)/($D$10-$D$11))*(D329-$D$11))+$D$9),IF(D329<=$E$10,(((($E$8-$E$9)/($E$10-$E$11))*(D329-$E$11))+$E$9),IF(D329<=$F$10,(((($F$8-$F$9)/($F$10-$F$11))*(D329-$F$11))+$F$9),IF(D329<=$G$10,(((($G$8-$G$9)/($G$10-$G$11))*(D329-$G$11))+$G$9),((((($H$8-$H$9)/($H$10-$H$11))*(D329-$H$11))+$H$9)))))))) -> #VALUE! | M29: =C479 -> 0 | N29: =IF(D479<=$C$10,(((($C$8-$C$9)/($C$10-$C$11))*(D479-$C$11))+$C$9),(IF(D479<=$D$10,(((($D$8-$D$9)/($D$10-$D$11))*(D479-$D$11))+$D$9),IF(D479<=$E$10,(((($E$8-$E$9)/($E$10-$E$11))*(D479-$E$11))+$E$9),IF(D479<=$F$10,(((($F$8-$F$9)/($F$10-$F$11))*(D479-$F$11))+$F$9),IF(D479<=$G$10,(((($G$8-$G$9)/($G$10-$G$11))*(D479-$G$11))+$G$9),((((($H$8-$H$9)/($H$10-$H$11))*(D479-$H$11))+$H$9)))))))) -> #VALUE! | O29: =C629 -> 0 | P29: =IF(D629<=$C$10,(((($C$8-$C$9)/($C$10-$C$11))*(D629-$C$11))+$C$9),(IF(D629<=$D$10,(((($D$8-$D$9)/($D$10-$D$11))*(D629-$D$11))+$D$9),IF(D629<=$E$10,(((($E$8-$E$9)/($E$10-$E$11))*(D629-$E$11))+$E$9),IF(D629<=$F$10,(((($F$8-$F$9)/($F$10-$F$11))*(D629-$F$11))+$F$9),IF(D629<=$G$10,(((($G$8-$G$9)/($G$10-$G$11))*(D629-$G$11))+$G$9),((((($H$8-$H$9)/($H$10-$H$11))*(D629-$H$11))+$H$9)))))))) -> #VALUE! | W29: =+IF(H29<=50.99,$J$712,IF(H29<=100.99,$J$713,IF(H29<=150.99,$J$714,IF(H29<=200.99,$J$715,IF(H29<=300.99,$J$716,IF(H29>300,$J$717,IF(ISTEXT(H29),"Descartada"))))))) -> #VALUE!
C30: ='COMPARACIÓN 1H'!A23 -> 0 | D30: ='COMPARACIÓN 1H'!C23 -> - | G30: =C30 -> 0 | H30: =IF(D30<=$C$10,(((($C$8-$C$9)/($C$10-$C$11))*(D30-$C$11))+$C$9),(IF(D30<=$D$10,(((($D$8-$D$9)/($D$10-$D$11))*(D30-$D$11))+$D$9),IF(D30<=$E$10,(((($E$8-$E$9)/($E$10-$E$11))*(D30-$E$11))+$E$9),IF(D30<=$F$10,(((($F$8-$F$9)/($F$10-$F$11))*(D30-$F$11))+$F$9),IF(D30<=$G$10,(((($G$8-$G$9)/($G$10-$G$11))*(D30-$G$11))+$G$9),((((($H$8-$H$9)/($H$10-$H$11))*(D30-$H$11))+$H$9)))))))) -> #VALUE! | I30: =C180 -> 0 | J30: =IF(D180<=$C$10,(((($C$8-$C$9)/($C$10-$C$11))*(D180-$C$11))+$C$9),(IF(D180<=$D$10,(((($D$8-$D$9)/($D$10-$D$11))*(D180-$D$11))+$D$9),IF(D180<=$E$10,(((($E$8-$E$9)/($E$10-$E$11))*(D180-$E$11))+$E$9),IF(D180<=$F$10,(((($F$8-$F$9)/($F$10-$F$11))*(D180-$F$11))+$F$9),IF(D180<=$G$10,(((($G$8-$G$9)/($G$10-$G$11))*(D180-$G$11))+$G$9),((((($H$8-$H$9)/($H$10-$H$11))*(D180-$H$11))+$H$9)))))))) -> #VALUE! | K30: =C330 -> 0 | L30: =IF(D330<=$C$10,(((($C$8-$C$9)/($C$10-$C$11))*(D330-$C$11))+$C$9),(IF(D330<=$D$10,(((($D$8-$D$9)/($D$10-$D$11))*(D330-$D$11))+$D$9),IF(D330<=$E$10,(((($E$8-$E$9)/($E$10-$E$11))*(D330-$E$11))+$E$9),IF(D330<=$F$10,(((($F$8-$F$9)/($F$10-$F$11))*(D330-$F$11))+$F$9),IF(D330<=$G$10,(((($G$8-$G$9)/($G$10-$G$11))*(D330-$G$11))+$G$9),((((($H$8-$H$9)/($H$10-$H$11))*(D330-$H$11))+$H$9)))))))) -> #VALUE! | M30: =C480 -> 0 | N30: =IF(D480<=$C$10,(((($C$8-$C$9)/($C$10-$C$11))*(D480-$C$11))+$C$9),(IF(D480<=$D$10,(((($D$8-$D$9)/($D$10-$D$11))*(D480-$D$11))+$D$9),IF(D480<=$E$10,(((($E$8-$E$9)/($E$10-$E$11))*(D480-$E$11))+$E$9),IF(D480<=$F$10,(((($F$8-$F$9)/($F$10-$F$11))*(D480-$F$11))+$F$9),IF(D480<=$G$10,(((($G$8-$G$9)/($G$10-$G$11))*(D480-$G$11))+$G$9),((((($H$8-$H$9)/($H$10-$H$11))*(D480-$H$11))+$H$9)))))))) -> #VALUE! | O30: =C630 -> 0 | P30: =IF(D630<=$C$10,(((($C$8-$C$9)/($C$10-$C$11))*(D630-$C$11))+$C$9),(IF(D630<=$D$10,(((($D$8-$D$9)/($D$10-$D$11))*(D630-$D$11))+$D$9),IF(D630<=$E$10,(((($E$8-$E$9)/($E$10-$E$11))*(D630-$E$11))+$E$9),IF(D630<=$F$10,(((($F$8-$F$9)/($F$10-$F$11))*(D630-$F$11))+$F$9),IF(D630<=$G$10,(((($G$8-$G$9)/($G$10-$G$11))*(D630-$G$11))+$G$9),((((($H$8-$H$9)/($H$10-$H$11))*(D630-$H$11))+$H$9)))))))) -> #VALUE! | W30: =+IF(H30<=50.99,$J$712,IF(H30<=100.99,$J$713,IF(H30<=150.99,$J$714,IF(H30<=200.99,$J$715,IF(H30<=300.99,$J$716,IF(H30>300,$J$717,IF(ISTEXT(H30),"Descartada"))))))) -> #VALUE!
C31: ='COMPARACIÓN 1H'!A24 -> 0 | D31: ='COMPARACIÓN 1H'!C24 -> - | G31: =C31 -> 0 | H31: =IF(D31<=$C$10,(((($C$8-$C$9)/($C$10-$C$11))*(D31-$C$11))+$C$9),(IF(D31<=$D$10,(((($D$8-$D$9)/($D$10-$D$11))*(D31-$D$11))+$D$9),IF(D31<=$E$10,(((($E$8-$E$9)/($E$10-$E$11))*(D31-$E$11))+$E$9),IF(D31<=$F$10,(((($F$8-$F$9)/($F$10-$F$11))*(D31-$F$11))+$F$9),IF(D31<=$G$10,(((($G$8-$G$9)/($G$10-$G$11))*(D31-$G$11))+$G$9),((((($H$8-$H$9)/($H$10-$H$11))*(D31-$H$11))+$H$9)))))))) -> #VALUE! | I31: =C181 -> 0 | J31: =IF(D181<=$C$10,(((($C$8-$C$9)/($C$10-$C$11))*(D181-$C$11))+$C$9),(IF(D181<=$D$10,(((($D$8-$D$9)/($D$10-$D$11))*(D181-$D$11))+$D$9),IF(D181<=$E$10,(((($E$8-$E$9)/($E$10-$E$11))*(D181-$E$11))+$E$9),IF(D181<=$F$10,(((($F$8-$F$9)/($F$10-$F$11))*(D181-$F$11))+$F$9),IF(D181<=$G$10,(((($G$8-$G$9)/($G$10-$G$11))*(D181-$G$11))+$G$9),((((($H$8-$H$9)/($H$10-$H$11))*(D181-$H$11))+$H$9)))))))) -> #VALUE! | K31: =C331 -> 0 | L31: =IF(D331<=$C$10,(((($C$8-$C$9)/($C$10-$C$11))*(D331-$C$11))+$C$9),(IF(D331<=$D$10,(((($D$8-$D$9)/($D$10-$D$11))*(D331-$D$11))+$D$9),IF(D331<=$E$10,(((($E$8-$E$9)/($E$10-$E$11))*(D331-$E$11))+$E$9),IF(D331<=$F$10,(((($F$8-$F$9)/($F$10-$F$11))*(D331-$F$11))+$F$9),IF(D331<=$G$10,(((($G$8-$G$9)/($G$10-$G$11))*(D331-$G$11))+$G$9),((((($H$8-$H$9)/($H$10-$H$11))*(D331-$H$11))+$H$9)))))))) -> #VALUE! | M31: =C481 -> 0 | N31: =IF(D481<=$C$10,(((($C$8-$C$9)/($C$10-$C$11))*(D481-$C$11))+$C$9),(IF(D481<=$D$10,(((($D$8-$D$9)/($D$10-$D$11))*(D481-$D$11))+$D$9),IF(D481<=$E$10,(((($E$8-$E$9)/($E$10-$E$11))*(D481-$E$11))+$E$9),IF(D481<=$F$10,(((($F$8-$F$9)/($F$10-$F$11))*(D481-$F$11))+$F$9),IF(D481<=$G$10,(((($G$8-$G$9)/($G$10-$G$11))*(D481-$G$11))+$G$9),((((($H$8-$H$9)/($H$10-$H$11))*(D481-$H$11))+$H$9)))))))) -> #VALUE! | O31: =C631 -> 0 | P31: =IF(D631<=$C$10,(((($C$8-$C$9)/($C$10-$C$11))*(D631-$C$11))+$C$9),(IF(D631<=$D$10,(((($D$8-$D$9)/($D$10-$D$11))*(D631-$D$11))+$D$9),IF(D631<=$E$10,(((($E$8-$E$9)/($E$10-$E$11))*(D631-$E$11))+$E$9),IF(D631<=$F$10,(((($F$8-$F$9)/($F$10-$F$11))*(D631-$F$11))+$F$9),IF(D631<=$G$10,(((($G$8-$G$9)/($G$10-$G$11))*(D631-$G$11))+$G$9),((((($H$8-$H$9)/($H$10-$H$11))*(D631-$H$11))+$H$9)))))))) -> #VALUE! | W31: =+IF(H31<=50.99,$J$712,IF(H31<=100.99,$J$713,IF(H31<=150.99,$J$714,IF(H31<=200.99,$J$715,IF(H31<=300.99,$J$716,IF(H31>300,$J$717,IF(ISTEXT(H31),"Descartada"))))))) -> #VALUE!
C32: ='COMPARACIÓN 1H'!A25 -> 0 | D32: ='COMPARACIÓN 1H'!C25 -> - | G32: =C32 -> 0 | H32: =IF(D32<=$C$10,(((($C$8-$C$9)/($C$10-$C$11))*(D32-$C$11))+$C$9),(IF(D32<=$D$10,(((($D$8-$D$9)/($D$10-$D$11))*(D32-$D$11))+$D$9),IF(D32<=$E$10,(((($E$8-$E$9)/($E$10-$E$11))*(D32-$E$11))+$E$9),IF(D32<=$F$10,(((($F$8-$F$9)/($F$10-$F$11))*(D32-$F$11))+$F$9),IF(D32<=$G$10,(((($G$8-$G$9)/($G$10-$G$11))*(D32-$G$11))+$G$9),((((($H$8-$H$9)/($H$10-$H$11))*(D32-$H$11))+$H$9)))))))) -> #VALUE! | I32: =C182 -> 0 | J32: =IF(D182<=$C$10,(((($C$8-$C$9)/($C$10-$C$11))*(D182-$C$11))+$C$9),(IF(D182<=$D$10,(((($D$8-$D$9)/($D$10-$D$11))*(D182-$D$11))+$D$9),IF(D182<=$E$10,(((($E$8-$E$9)/($E$10-$E$11))*(D182-$E$11))+$E$9),IF(D182<=$F$10,(((($F$8-$F$9)/($F$10-$F$11))*(D182-$F$11))+$F$9),IF(D182<=$G$10,(((($G$8-$G$9)/($G$10-$G$11))*(D182-$G$11))+$G$9),((((($H$8-$H$9)/($H$10-$H$11))*(D182-$H$11))+$H$9)))))))) -> #VALUE! | K32: =C332 -> 0 | L32: =IF(D332<=$C$10,(((($C$8-$C$9)/($C$10-$C$11))*(D332-$C$11))+$C$9),(IF(D332<=$D$10,(((($D$8-$D$9)/($D$10-$D$11))*(D332-$D$11))+$D$9),IF(D332<=$E$10,(((($E$8-$E$9)/($E$10-$E$11))*(D332-$E$11))+$E$9),IF(D332<=$F$10,(((($F$8-$F$9)/($F$10-$F$11))*(D332-$F$11))+$F$9),IF(D332<=$G$10,(((($G$8-$G$9)/($G$10-$G$11))*(D332-$G$11))+$G$9),((((($H$8-$H$9)/($H$10-$H$11))*(D332-$H$11))+$H$9)))))))) -> #VALUE! | M32: =C482 -> 0 | N32: =IF(D482<=$C$10,(((($C$8-$C$9)/($C$10-$C$11))*(D482-$C$11))+$C$9),(IF(D482<=$D$10,(((($D$8-$D$9)/($D$10-$D$11))*(D482-$D$11))+$D$9),IF(D482<=$E$10,(((($E$8-$E$9)/($E$10-$E$11))*(D482-$E$11))+$E$9),IF(D482<=$F$10,(((($F$8-$F$9)/($F$10-$F$11))*(D482-$F$11))+$F$9),IF(D482<=$G$10,(((($G$8-$G$9)/($G$10-$G$11))*(D482-$G$11))+$G$9),((((($H$8-$H$9)/($H$10-$H$11))*(D482-$H$11))+$H$9)))))))) -> #VALUE! | O32: =C632 -> 0 | P32: =IF(D632<=$C$10,(((($C$8-$C$9)/($C$10-$C$11))*(D632-$C$11))+$C$9),(IF(D632<=$D$10,(((($D$8-$D$9)/($D$10-$D$11))*(D632-$D$11))+$D$9),IF(D632<=$E$10,(((($E$8-$E$9)/($E$10-$E$11))*(D632-$E$11))+$E$9),IF(D632<=$F$10,(((($F$8-$F$9)/($F$10-$F$11))*(D632-$F$11))+$F$9),IF(D632<=$G$10,(((($G$8-$G$9)/($G$10-$G$11))*(D632-$G$11))+$G$9),((((($H$8-$H$9)/($H$10-$H$11))*(D632-$H$11))+$H$9)))))))) -> #VALUE! | W32: =+IF(H32<=50.99,$J$712,IF(H32<=100.99,$J$713,IF(H32<=150.99,$J$714,IF(H32<=200.99,$J$715,IF(H32<=300.99,$J$716,IF(H32>300,$J$717,IF(ISTEXT(H32),"Descartada"))))))) -> #VALUE!
C33: ='COMPARACIÓN 1H'!A26 -> 0 | D33: ='COMPARACIÓN 1H'!C26 -> - | G33: =C33 -> 0 | H33: =IF(D33<=$C$10,(((($C$8-$C$9)/($C$10-$C$11))*(D33-$C$11))+$C$9),(IF(D33<=$D$10,(((($D$8-$D$9)/($D$10-$D$11))*(D33-$D$11))+$D$9),IF(D33<=$E$10,(((($E$8-$E$9)/($E$10-$E$11))*(D33-$E$11))+$E$9),IF(D33<=$F$10,(((($F$8-$F$9)/($F$10-$F$11))*(D33-$F$11))+$F$9),IF(D33<=$G$10,(((($G$8-$G$9)/($G$10-$G$11))*(D33-$G$11))+$G$9),((((($H$8-$H$9)/($H$10-$H$11))*(D33-$H$11))+$H$9)))))))) -> #VALUE! | I33: =C183 -> 0 | J33: =IF(D183<=$C$10,(((($C$8-$C$9)/($C$10-$C$11))*(D183-$C$11))+$C$9),(IF(D183<=$D$10,(((($D$8-$D$9)/($D$10-$D$11))*(D183-$D$11))+$D$9),IF(D183<=$E$10,(((($E$8-$E$9)/($E$10-$E$11))*(D183-$E$11))+$E$9),IF(D183<=$F$10,(((($F$8-$F$9)/($F$10-$F$11))*(D183-$F$11))+$F$9),IF(D183<=$G$10,(((($G$8-$G$9)/($G$10-$G$11))*(D183-$G$11))+$G$9),((((($H$8-$H$9)/($H$10-$H$11))*(D183-$H$11))+$H$9)))))))) -> #VALUE! | K33: =C333 -> 0 | L33: =IF(D333<=$C$10,(((($C$8-$C$9)/($C$10-$C$11))*(D333-$C$11))+$C$9),(IF(D333<=$D$10,(((($D$8-$D$9)/($D$10-$D$11))*(D333-$D$11))+$D$9),IF(D333<=$E$10,(((($E$8-$E$9)/($E$10-$E$11))*(D333-$E$11))+$E$9),IF(D333<=$F$10,(((($F$8-$F$9)/($F$10-$F$11))*(D333-$F$11))+$F$9),IF(D333<=$G$10,(((($G$8-$G$9)/($G$10-$G$11))*(D333-$G$11))+$G$9),((((($H$8-$H$9)/($H$10-$H$11))*(D333-$H$11))+$H$9)))))))) -> #VALUE! | M33: =C483 -> 0 | N33: =IF(D483<=$C$10,(((($C$8-$C$9)/($C$10-$C$11))*(D483-$C$11))+$C$9),(IF(D483<=$D$10,(((($D$8-$D$9)/($D$10-$D$11))*(D483-$D$11))+$D$9),IF(D483<=$E$10,(((($E$8-$E$9)/($E$10-$E$11))*(D483-$E$11))+$E$9),IF(D483<=$F$10,(((($F$8-$F$9)/($F$10-$F$11))*(D483-$F$11))+$F$9),IF(D483<=$G$10,(((($G$8-$G$9)/($G$10-$G$11))*(D483-$G$11))+$G$9),((((($H$8-$H$9)/($H$10-$H$11))*(D483-$H$11))+$H$9)))))))) -> #VALUE! | O33: =C633 -> 0 | P33: =IF(D633<=$C$10,(((($C$8-$C$9)/($C$10-$C$11))*(D633-$C$11))+$C$9),(IF(D633<=$D$10,(((($D$8-$D$9)/($D$10-$D$11))*(D633-$D$11))+$D$9),IF(D633<=$E$10,(((($E$8-$E$9)/($E$10-$E$11))*(D633-$E$11))+$E$9),IF(D633<=$F$10,(((($F$8-$F$9)/($F$10-$F$11))*(D633-$F$11))+$F$9),IF(D633<=$G$10,(((($G$8-$G$9)/($G$10-$G$11))*(D633-$G$11))+$G$9),((((($H$8-$H$9)/($H$10-$H$11))*(D633-$H$11))+$H$9)))))))) -> #VALUE! | W33: =+IF(H33<=50.99,$J$712,IF(H33<=100.99,$J$713,IF(H33<=150.99,$J$714,IF(H33<=200.99,$J$715,IF(H33<=300.99,$J$716,IF(H33>300,$J$717,IF(ISTEXT(H33),"Descartada"))))))) -> #VALUE!
... C158: ='COMPARACIÓN 1H'!A151 -> 0 | D158: ='COMPARACIÓN 1H'!C151 -> - | G158: =C158 -> 0 | H158: =IF(D158<=$C$10,(((($C$8-$C$9)/($C$10-$C$11))*(D158-$C$11))+$C$9),(IF(D158<=$D$10,(((($D$8-$D$9)/($D$10-$D$11))*(D158-$D$11))+$D$9),IF(D158<=$E$10,(((($E$8-$E$9)/($E$10-$E$11))*(D158-$E$11))+$E$9),IF(D158<=$F$10,(((($F$8-$F$9)/($F$10-$F$11))*(D158-$F$11))+$F$9),IF(D158<=$G$10,(((($G$8-$G$9)/($G$10-$G$11))*(D158-$G$11))+$G$9),((((($H$8-$H$9)/($H$10-$H$11))*(D158-$H$11))+$H$9)))))))) -> #VALUE! | I158: =C308 -> 0 | J158: =IF(D308<=$C$10,(((($C$8-$C$9)/($C$10-$C$11))*(D308-$C$11))+$C$9),(IF(D308<=$D$10,(((($D$8-$D$9)/($D$10-$D$11))*(D308-$D$11))+$D$9),IF(D308<=$E$10,(((($E$8-$E$9)/($E$10-$E$11))*(D308-$E$11))+$E$9),IF(D308<=$F$10,(((($F$8-$F$9)/($F$10-$F$11))*(D308-$F$11))+$F$9),IF(D308<=$G$10,(((($G$8-$G$9)/($G$10-$G$11))*(D308-$G$11))+$G$9),((((($H$8-$H$9)/($H$10-$H$11))*(D308-$H$11))+$H$9)))))))) -> #VALUE! | K158: =C458 -> 0 | L158: =IF(D458<=$C$10,(((($C$8-$C$9)/($C$10-$C$11))*(D458-$C$11))+$C$9),(IF(D458<=$D$10,(((($D$8-$D$9)/($D$10-$D$11))*(D458-$D$11))+$D$9),IF(D458<=$E$10,(((($E$8-$E$9)/($E$10-$E$11))*(D458-$E$11))+$E$9),IF(D458<=$F$10,(((($F$8-$F$9)/($F$10-$F$11))*(D458-$F$11))+$F$9),IF(D458<=$G$10,(((($G$8-$G$9)/($G$10-$G$11))*(D458-$G$11))+$G$9),((((($H$8-$H$9)/($H$10-$H$11))*(D458-$H$11))+$H$9)))))))) -> #VALUE! | M158: =C608 -> 0 | N158: =IF(D608<=$C$10,(((($C$8-$C$9)/($C$10-$C$11))*(D608-$C$11))+$C$9),(IF(D608<=$D$10,(((($D$8-$D$9)/($D$10-$D$11))*(D608-$D$11))+$D$9),IF(D608<=$E$10,(((($E$8-$E$9)/($E$10-$E$11))*(D608-$E$11))+$E$9),IF(D608<=$F$10,(((($F$8-$F$9)/($F$10-$F$11))*(D608-$F$11))+$F$9),IF(D608<=$G$10,(((($G$8-$G$9)/($G$10-$G$11))*(D608-$G$11))+$G$9),((((($H$8-$H$9)/($H$10-$H$11))*(D608-$H$11))+$H$9)))))))) -> #VALUE! | O158: =C758 -> 0 | P158: =IF(D758<=$C$10,(((($C$8-$C$9)/($C$10-$C$11))*(D758-$C$11))+$C$9),(IF(D758<=$D$10,(((($D$8-$D$9)/($D$10-$D$11))*(D758-$D$11))+$D$9),IF(D758<=$E$10,(((($E$8-$E$9)/($E$10-$E$11))*(D758-$E$11))+$E$9),IF(D758<=$F$10,(((($F$8-$F$9)/($F$10-$F$11))*(D758-$F$11))+$F$9),IF(D758<=$G$10,(((($G$8-$G$9)/($G$10-$G$11))*(D758-$G$11))+$G$9),((((($H$8-$H$9)/($H$10-$H$11))*(D758-$H$11))+$H$9)))))))) -> #VALUE! | W158: =+IF(H158<=50.99,$J$712,IF(H158<=100.99,$J$713,IF(H158<=150.99,$J$714,IF(H158<=200.99,$J$715,IF(H158<=300.99,$J$716,IF(H158>300,$J$717,IF(ISTEXT(H158),"Descartada"))))))) -> #VALUE!
C159: ='COMPARACIÓN 1H'!A152 -> 0 | D159: ='COMPARACIÓN 1H'!C152 -> - | G159: =C159 -> 0 | H159: =IF(D159<=$C$10,(((($C$8-$C$9)/($C$10-$C$11))*(D159-$C$11))+$C$9),(IF(D159<=$D$10,(((($D$8-$D$9)/($D$10-$D$11))*(D159-$D$11))+$D$9),IF(D159<=$E$10,(((($E$8-$E$9)/($E$10-$E$11))*(D159-$E$11))+$E$9),IF(D159<=$F$10,(((($F$8-$F$9)/($F$10-$F$11))*(D159-$F$11))+$F$9),IF(D159<=$G$10,(((($G$8-$G$9)/($G$10-$G$11))*(D159-$G$11))+$G$9),((((($H$8-$H$9)/($H$10-$H$11))*(D159-$H$11))+$H$9)))))))) -> #VALUE! | I159: =C309 -> 0 | J159: =IF(D309<=$C$10,(((($C$8-$C$9)/($C$10-$C$11))*(D309-$C$11))+$C$9),(IF(D309<=$D$10,(((($D$8-$D$9)/($D$10-$D$11))*(D309-$D$11))+$D$9),IF(D309<=$E$10,(((($E$8-$E$9)/($E$10-$E$11))*(D309-$E$11))+$E$9),IF(D309<=$F$10,(((($F$8-$F$9)/($F$10-$F$11))*(D309-$F$11))+$F$9),IF(D309<=$G$10,(((($G$8-$G$9)/($G$10-$G$11))*(D309-$G$11))+$G$9),((((($H$8-$H$9)/($H$10-$H$11))*(D309-$H$11))+$H$9)))))))) -> #VALUE! | K159: =C459 -> 0 | L159: =IF(D459<=$C$10,(((($C$8-$C$9)/($C$10-$C$11))*(D459-$C$11))+$C$9),(IF(D459<=$D$10,(((($D$8-$D$9)/($D$10-$D$11))*(D459-$D$11))+$D$9),IF(D459<=$E$10,(((($E$8-$E$9)/($E$10-$E$11))*(D459-$E$11))+$E$9),IF(D459<=$F$10,(((($F$8-$F$9)/($F$10-$F$11))*(D459-$F$11))+$F$9),IF(D459<=$G$10,(((($G$8-$G$9)/($G$10-$G$11))*(D459-$G$11))+$G$9),((((($H$8-$H$9)/($H$10-$H$11))*(D459-$H$11))+$H$9)))))))) -> #VALUE! | M159: =C609 -> 0 | N159: =IF(D609<=$C$10,(((($C$8-$C$9)/($C$10-$C$11))*(D609-$C$11))+$C$9),(IF(D609<=$D$10,(((($D$8-$D$9)/($D$10-$D$11))*(D609-$D$11))+$D$9),IF(D609<=$E$10,(((($E$8-$E$9)/($E$10-$E$11))*(D609-$E$11))+$E$9),IF(D609<=$F$10,(((($F$8-$F$9)/($F$10-$F$11))*(D609-$F$11))+$F$9),IF(D609<=$G$10,(((($G$8-$G$9)/($G$10-$G$11))*(D609-$G$11))+$G$9),((((($H$8-$H$9)/($H$10-$H$11))*(D609-$H$11))+$H$9)))))))) -> #VALUE! | W159: =+IF(H159<=50.99,$J$712,IF(H159<=100.99,$J$713,IF(H159<=150.99,$J$714,IF(H159<=200.99,$J$715,IF(H159<=300.99,$J$716,IF(H159>300,$J$717,IF(ISTEXT(H159),"Descartada"))))))) -> #VALUE!
C160: ='COMPARACIÓN 1H'!A153 -> 0 | D160: ='COMPARACIÓN 1H'!C153 -> - | G160: =C160 -> 0 | H160: =IF(D160<=$C$10,(((($C$8-$C$9)/($C$10-$C$11))*(D160-$C$11))+$C$9),(IF(D160<=$D$10,(((($D$8-$D$9)/($D$10-$D$11))*(D160-$D$11))+$D$9),IF(D160<=$E$10,(((($E$8-$E$9)/($E$10-$E$11))*(D160-$E$11))+$E$9),IF(D160<=$F$10,(((($F$8-$F$9)/($F$10-$F$11))*(D160-$F$11))+$F$9),IF(D160<=$G$10,(((($G$8-$G$9)/($G$10-$G$11))*(D160-$G$11))+$G$9),((((($H$8-$H$9)/($H$10-$H$11))*(D160-$H$11))+$H$9)))))))) -> #VALUE! | I160: =C310 -> 0 | J160: =IF(D310<=$C$10,(((($C$8-$C$9)/($C$10-$C$11))*(D310-$C$11))+$C$9),(IF(D310<=$D$10,(((($D$8-$D$9)/($D$10-$D$11))*(D310-$D$11))+$D$9),IF(D310<=$E$10,(((($E$8-$E$9)/($E$10-$E$11))*(D310-$E$11))+$E$9),IF(D310<=$F$10,(((($F$8-$F$9)/($F$10-$F$11))*(D310-$F$11))+$F$9),IF(D310<=$G$10,(((($G$8-$G$9)/($G$10-$G$11))*(D310-$G$11))+$G$9),((((($H$8-$H$9)/($H$10-$H$11))*(D310-$H$11))+$H$9)))))))) -> #VALUE! | K160: =C460 -> 0 | L160: =IF(D460<=$C$10,(((($C$8-$C$9)/($C$10-$C$11))*(D460-$C$11))+$C$9),(IF(D460<=$D$10,(((($D$8-$D$9)/($D$10-$D$11))*(D460-$D$11))+$D$9),IF(D460<=$E$10,(((($E$8-$E$9)/($E$10-$E$11))*(D460-$E$11))+$E$9),IF(D460<=$F$10,(((($F$8-$F$9)/($F$10-$F$11))*(D460-$F$11))+$F$9),IF(D460<=$G$10,(((($G$8-$G$9)/($G$10-$G$11))*(D460-$G$11))+$G$9),((((($H$8-$H$9)/($H$10-$H$11))*(D460-$H$11))+$H$9)))))))) -> #VALUE! | M160: =C610 -> 0 | N160: =IF(D610<=$C$10,(((($C$8-$C$9)/($C$10-$C$11))*(D610-$C$11))+$C$9),(IF(D610<=$D$10,(((($D$8-$D$9)/($D$10-$D$11))*(D610-$D$11))+$D$9),IF(D610<=$E$10,(((($E$8-$E$9)/($E$10-$E$11))*(D610-$E$11))+$E$9),IF(D610<=$F$10,(((($F$8-$F$9)/($F$10-$F$11))*(D610-$F$11))+$F$9),IF(D610<=$G$10,(((($G$8-$G$9)/($G$10-$G$11))*(D610-$G$11))+$G$9),((((($H$8-$H$9)/($H$10-$H$11))*(D610-$H$11))+$H$9)))))))) -> #VALUE! | W160: =+IF(H160<=50.99,$J$712,IF(H160<=100.99,$J$713,IF(H160<=150.99,$J$714,IF(H160<=200.99,$J$715,IF(H160<=300.99,$J$716,IF(H160>300,$J$717,IF(ISTEXT(H160),"Descartada"))))))) -> #VALUE!
C161: ='COMPARACIÓN 1H'!A154 -> 0 | D161: ='COMPARACIÓN 1H'!C154 -> - | G161: =C161 -> 0 | H161: =IF(D161<=$C$10,(((($C$8-$C$9)/($C$10-$C$11))*(D161-$C$11))+$C$9),(IF(D161<=$D$10,(((($D$8-$D$9)/($D$10-$D$11))*(D161-$D$11))+$D$9),IF(D161<=$E$10,(((($E$8-$E$9)/($E$10-$E$11))*(D161-$E$11))+$E$9),IF(D161<=$F$10,(((($F$8-$F$9)/($F$10-$F$11))*(D161-$F$11))+$F$9),IF(D161<=$G$10,(((($G$8-$G$9)/($G$10-$G$11))*(D161-$G$11))+$G$9),((((($H$8-$H$9)/($H$10-$H$11))*(D161-$H$11))+$H$9)))))))) -> #VALUE! | I161: =C311 -> 0 | J161: =IF(D311<=$C$10,(((($C$8-$C$9)/($C$10-$C$11))*(D311-$C$11))+$C$9),(IF(D311<=$D$10,(((($D$8-$D$9)/($D$10-$D$11))*(D311-$D$11))+$D$9),IF(D311<=$E$10,(((($E$8-$E$9)/($E$10-$E$11))*(D311-$E$11))+$E$9),IF(D311<=$F$10,(((($F$8-$F$9)/($F$10-$F$11))*(D311-$F$11))+$F$9),IF(D311<=$G$10,(((($G$8-$G$9)/($G$10-$G$11))*(D311-$G$11))+$G$9),((((($H$8-$H$9)/($H$10-$H$11))*(D311-$H$11))+$H$9)))))))) -> #VALUE! | K161: =C461 -> 0 | L161: =IF(D461<=$C$10,(((($C$8-$C$9)/($C$10-$C$11))*(D461-$C$11))+$C$9),(IF(D461<=$D$10,(((($D$8-$D$9)/($D$10-$D$11))*(D461-$D$11))+$D$9),IF(D461<=$E$10,(((($E$8-$E$9)/($E$10-$E$11))*(D461-$E$11))+$E$9),IF(D461<=$F$10,(((($F$8-$F$9)/($F$10-$F$11))*(D461-$F$11))+$F$9),IF(D461<=$G$10,(((($G$8-$G$9)/($G$10-$G$11))*(D461-$G$11))+$G$9),((((($H$8-$H$9)/($H$10-$H$11))*(D461-$H$11))+$H$9)))))))) -> #VALUE! | M161: =C611 -> 0 | N161: =IF(D611<=$C$10,(((($C$8-$C$9)/($C$10-$C$11))*(D611-$C$11))+$C$9),(IF(D611<=$D$10,(((($D$8-$D$9)/($D$10-$D$11))*(D611-$D$11))+$D$9),IF(D611<=$E$10,(((($E$8-$E$9)/($E$10-$E$11))*(D611-$E$11))+$E$9),IF(D611<=$F$10,(((($F$8-$F$9)/($F$10-$F$11))*(D611-$F$11))+$F$9),IF(D611<=$G$10,(((($G$8-$G$9)/($G$10-$G$11))*(D611-$G$11))+$G$9),((((($H$8-$H$9)/($H$10-$H$11))*(D611-$H$11))+$H$9)))))))) -> #VALUE! | W161: =+IF(H161<=50.99,$J$712,IF(H161<=100.99,$J$713,IF(H161<=150.99,$J$714,IF(H161<=200.99,$J$715,IF(H161<=300.99,$J$716,IF(H161>300,$J$717,IF(ISTEXT(H161),"Descartada"))))))) -> #VALUE!
C162: ='COMPARACIÓN 1H'!A155 -> 0 | D162: ='COMPARACIÓN 1H'!C155 -> - | G162: =C162 -> 0 | H162: =IF(D162<=$C$10,(((($C$8-$C$9)/($C$10-$C$11))*(D162-$C$11))+$C$9),(IF(D162<=$D$10,(((($D$8-$D$9)/($D$10-$D$11))*(D162-$D$11))+$D$9),IF(D162<=$E$10,(((($E$8-$E$9)/($E$10-$E$11))*(D162-$E$11))+$E$9),IF(D162<=$F$10,(((($F$8-$F$9)/($F$10-$F$11))*(D162-$F$11))+$F$9),IF(D162<=$G$10,(((($G$8-$G$9)/($G$10-$G$11))*(D162-$G$11))+$G$9),((((($H$8-$H$9)/($H$10-$H$11))*(D162-$H$11))+$H$9)))))))) -> #VALUE! | I162: =C312 -> 0 | J162: =IF(D312<=$C$10,(((($C$8-$C$9)/($C$10-$C$11))*(D312-$C$11))+$C$9),(IF(D312<=$D$10,(((($D$8-$D$9)/($D$10-$D$11))*(D312-$D$11))+$D$9),IF(D312<=$E$10,(((($E$8-$E$9)/($E$10-$E$11))*(D312-$E$11))+$E$9),IF(D312<=$F$10,(((($F$8-$F$9)/($F$10-$F$11))*(D312-$F$11))+$F$9),IF(D312<=$G$10,(((($G$8-$G$9)/($G$10-$G$11))*(D312-$G$11))+$G$9),((((($H$8-$H$9)/($H$10-$H$11))*(D312-$H$11))+$H$9)))))))) -> #VALUE! | K162: =C462 -> 0 | L162: =IF(D462<=$C$10,(((($C$8-$C$9)/($C$10-$C$11))*(D462-$C$11))+$C$9),(IF(D462<=$D$10,(((($D$8-$D$9)/($D$10-$D$11))*(D462-$D$11))+$D$9),IF(D462<=$E$10,(((($E$8-$E$9)/($E$10-$E$11))*(D462-$E$11))+$E$9),IF(D462<=$F$10,(((($F$8-$F$9)/($F$10-$F$11))*(D462-$F$11))+$F$9),IF(D462<=$G$10,(((($G$8-$G$9)/($G$10-$G$11))*(D462-$G$11))+$G$9),((((($H$8-$H$9)/($H$10-$H$11))*(D462-$H$11))+$H$9)))))))) -> #VALUE! | M162: =C612 -> 0 | N162: =IF(D612<=$C$10,(((($C$8-$C$9)/($C$10-$C$11))*(D612-$C$11))+$C$9),(IF(D612<=$D$10,(((($D$8-$D$9)/($D$10-$D$11))*(D612-$D$11))+$D$9),IF(D612<=$E$10,(((($E$8-$E$9)/($E$10-$E$11))*(D612-$E$11))+$E$9),IF(D612<=$F$10,(((($F$8-$F$9)/($F$10-$F$11))*(D612-$F$11))+$F$9),IF(D612<=$G$10,(((($G$8-$G$9)/($G$10-$G$11))*(D612-$G$11))+$G$9),((((($H$8-$H$9)/($H$10-$H$11))*(D612-$H$11))+$H$9)))))))) -> #VALUE! | W162: =+IF(H162<=50.99,$J$712,IF(H162<=100.99,$J$713,IF(H162<=150.99,$J$714,IF(H162<=200.99,$J$715,IF(H162<=300.99,$J$716,IF(H162>300,$J$717,IF(ISTEXT(H162),"Descartada"))))))) -> #VALUE!
C163: ='COMPARACIÓN 1H'!A156 -> 0 | D163: ='COMPARACIÓN 1H'!C156 -> - | G163: =C163 -> 0 | H163: =IF(D163<=$C$10,(((($C$8-$C$9)/($C$10-$C$11))*(D163-$C$11))+$C$9),(IF(D163<=$D$10,(((($D$8-$D$9)/($D$10-$D$11))*(D163-$D$11))+$D$9),IF(D163<=$E$10,(((($E$8-$E$9)/($E$10-$E$11))*(D163-$E$11))+$E$9),IF(D163<=$F$10,(((($F$8-$F$9)/($F$10-$F$11))*(D163-$F$11))+$F$9),IF(D163<=$G$10,(((($G$8-$G$9)/($G$10-$G$11))*(D163-$G$11))+$G$9),((((($H$8-$H$9)/($H$10-$H$11))*(D163-$H$11))+$H$9)))))))) -> #VALUE! | I163: =C313 -> 0 | J163: =IF(D313<=$C$10,(((($C$8-$C$9)/($C$10-$C$11))*(D313-$C$11))+$C$9),(IF(D313<=$D$10,(((($D$8-$D$9)/($D$10-$D$11))*(D313-$D$11))+$D$9),IF(D313<=$E$10,(((($E$8-$E$9)/($E$10-$E$11))*(D313-$E$11))+$E$9),IF(D313<=$F$10,(((($F$8-$F$9)/($F$10-$F$11))*(D313-$F$11))+$F$9),IF(D313<=$G$10,(((($G$8-$G$9)/($G$10-$G$11))*(D313-$G$11))+$G$9),((((($H$8-$H$9)/($H$10-$H$11))*(D313-$H$11))+$H$9)))))))) -> #VALUE! | K163: =C463 -> 0 | L163: =IF(D463<=$C$10,(((($C$8-$C$9)/($C$10-$C$11))*(D463-$C$11))+$C$9),(IF(D463<=$D$10,(((($D$8-$D$9)/($D$10-$D$11))*(D463-$D$11))+$D$9),IF(D463<=$E$10,(((($E$8-$E$9)/($E$10-$E$11))*(D463-$E$11))+$E$9),IF(D463<=$F$10,(((($F$8-$F$9)/($F$10-$F$11))*(D463-$F$11))+$F$9),IF(D463<=$G$10,(((($G$8-$G$9)/($G$10-$G$11))*(D463-$G$11))+$G$9),((((($H$8-$H$9)/($H$10-$H$11))*(D463-$H$11))+$H$9)))))))) -> #VALUE! | M163: =C613 -> 0 | N163: =IF(D613<=$C$10,(((($C$8-$C$9)/($C$10-$C$11))*(D613-$C$11))+$C$9),(IF(D613<=$D$10,(((($D$8-$D$9)/($D$10-$D$11))*(D613-$D$11))+$D$9),IF(D613<=$E$10,(((($E$8-$E$9)/($E$10-$E$11))*(D613-$E$11))+$E$9),IF(D613<=$F$10,(((($F$8-$F$9)/($F$10-$F$11))*(D613-$F$11))+$F$9),IF(D613<=$G$10,(((($G$8-$G$9)/($G$10-$G$11))*(D613-$G$11))+$G$9),((((($H$8-$H$9)/($H$10-$H$11))*(D613-$H$11))+$H$9)))))))) -> #VALUE! | W163: =+IF(H163<=50.99,$J$712,IF(H163<=100.99,$J$713,IF(H163<=150.99,$J$714,IF(H163<=200.99,$J$715,IF(H163<=300.99,$J$716,IF(H163>300,$J$717,IF(ISTEXT(H163),"Descartada"))))))) -> #VALUE!
C164: ='COMPARACIÓN 1H'!A157 -> 0 | D164: ='COMPARACIÓN 1H'!C157 -> - | G164: =C164 -> 0 | H164: =IF(D164<=$C$10,(((($C$8-$C$9)/($C$10-$C$11))*(D164-$C$11))+$C$9),(IF(D164<=$D$10,(((($D$8-$D$9)/($D$10-$D$11))*(D164-$D$11))+$D$9),IF(D164<=$E$10,(((($E$8-$E$9)/($E$10-$E$11))*(D164-$E$11))+$E$9),IF(D164<=$F$10,(((($F$8-$F$9)/($F$10-$F$11))*(D164-$F$11))+$F$9),IF(D164<=$G$10,(((($G$8-$G$9)/($G$10-$G$11))*(D164-$G$11))+$G$9),((((($H$8-$H$9)/($H$10-$H$11))*(D164-$H$11))+$H$9)))))))) -> #VALUE! | I164: =C314 -> 0 | J164: =IF(D314<=$C$10,(((($C$8-$C$9)/($C$10-$C$11))*(D314-$C$11))+$C$9),(IF(D314<=$D$10,(((($D$8-$D$9)/($D$10-$D$11))*(D314-$D$11))+$D$9),IF(D314<=$E$10,(((($E$8-$E$9)/($E$10-$E$11))*(D314-$E$11))+$E$9),IF(D314<=$F$10,(((($F$8-$F$9)/($F$10-$F$11))*(D314-$F$11))+$F$9),IF(D314<=$G$10,(((($G$8-$G$9)/($G$10-$G$11))*(D314-$G$11))+$G$9),((((($H$8-$H$9)/($H$10-$H$11))*(D314-$H$11))+$H$9)))))))) -> #VALUE! | K164: =C464 -> 0 | L164: =IF(D464<=$C$10,(((($C$8-$C$9)/($C$10-$C$11))*(D464-$C$11))+$C$9),(IF(D464<=$D$10,(((($D$8-$D$9)/($D$10-$D$11))*(D464-$D$11))+$D$9),IF(D464<=$E$10,(((($E$8-$E$9)/($E$10-$E$11))*(D464-$E$11))+$E$9),IF(D464<=$F$10,(((($F$8-$F$9)/($F$10-$F$11))*(D464-$F$11))+$F$9),IF(D464<=$G$10,(((($G$8-$G$9)/($G$10-$G$11))*(D464-$G$11))+$G$9),((((($H$8-$H$9)/($H$10-$H$11))*(D464-$H$11))+$H$9)))))))) -> #VALUE! | M164: =C614 -> 0 | N164: =IF(D614<=$C$10,(((($C$8-$C$9)/($C$10-$C$11))*(D614-$C$11))+$C$9),(IF(D614<=$D$10,(((($D$8-$D$9)/($D$10-$D$11))*(D614-$D$11))+$D$9),IF(D614<=$E$10,(((($E$8-$E$9)/($E$10-$E$11))*(D614-$E$11))+$E$9),IF(D614<=$F$10,(((($F$8-$F$9)/($F$10-$F$11))*(D614-$F$11))+$F$9),IF(D614<=$G$10,(((($G$8-$G$9)/($G$10-$G$11))*(D614-$G$11))+$G$9),((((($H$8-$H$9)/($H$10-$H$11))*(D614-$H$11))+$H$9)))))))) -> #VALUE! | W164: =+IF(H164<=50.99,$J$712,IF(H164<=100.99,$J$713,IF(H164<=150.99,$J$714,IF(H164<=200.99,$J$715,IF(H164<=300.99,$J$716,IF(H164>300,$J$717,IF(ISTEXT(H164),"Descartada"))))))) -> #VALUE!
C165: ='COMPARACIÓN 1H'!A158 -> 0 | D165: ='COMPARACIÓN 1H'!C158 -> - | W165: =+IF(J15<=50.99,$J$712,IF(J15<=100.99,$J$713,IF(J15<=150.99,$J$714,IF(J15<=200.99,$J$715,IF(J15<=300.99,$J$716,IF(J15>300,$J$717,IF(ISTEXT(J15),"Descartada"))))))) -> #VALUE!
C166: ='COMPARACIÓN 1H'!A159 -> 0 | D166: ='COMPARACIÓN 1H'!C159 -> - | W166: =+IF(J16<=50.99,$J$712,IF(J16<=100.99,$J$713,IF(J16<=150.99,$J$714,IF(J16<=200.99,$J$715,IF(J16<=300.99,$J$716,IF(J16>300,$J$717,IF(ISTEXT(J16),"Descartada"))))))) -> #VALUE!
C167: ='COMPARACIÓN 1H'!A160 -> 0 | D167: ='COMPARACIÓN 1H'!C160 -> - | W167: =+IF(J17<=50.99,$J$712,IF(J17<=100.99,$J$713,IF(J17<=150.99,$J$714,IF(J17<=200.99,$J$715,IF(J17<=300.99,$J$716,IF(J17>300,$J$717,IF(ISTEXT(J17),"Descartada"))))))) -> #VALUE!
C168: ='COMPARACIÓN 1H'!A161 -> 0 | D168: ='COMPARACIÓN 1H'!C161 -> - | W168: =+IF(J18<=50.99,$J$712,IF(J18<=100.99,$J$713,IF(J18<=150.99,$J$714,IF(J18<=200.99,$J$715,IF(J18<=300.99,$J$716,IF(J18>300,$J$717,IF(ISTEXT(J18),"Descartada"))))))) -> #VALUE!
C169: ='COMPARACIÓN 1H'!A162 -> 0 | D169: ='COMPARACIÓN 1H'!C162 -> - | W169: =+IF(J19<=50.99,$J$712,IF(J19<=100.99,$J$713,IF(J19<=150.99,$J$714,IF(J19<=200.99,$J$715,IF(J19<=300.99,$J$716,IF(J19>300,$J$717,IF(ISTEXT(J19),"Descartada"))))))) -> #VALUE!
C170: ='COMPARACIÓN 1H'!A163 -> 0 | D170: ='COMPARACIÓN 1H'!C163 -> - | W170: =+IF(J20<=50.99,$J$712,IF(J20<=100.99,$J$713,IF(J20<=150.99,$J$714,IF(J20<=200.99,$J$715,IF(J20<=300.99,$J$716,IF(J20>300,$J$717,IF(ISTEXT(J20),"Descartada"))))))) -> #VALUE!
C171: ='COMPARACIÓN 1H'!A164 -> 0 | D171: ='COMPARACIÓN 1H'!C164 -> - | W171: =+IF(J21<=50.99,$J$712,IF(J21<=100.99,$J$713,IF(J21<=150.99,$J$714,IF(J21<=200.99,$J$715,IF(J21<=300.99,$J$716,IF(J21>300,$J$717,IF(ISTEXT(J21),"Descartada"))))))) -> #VALUE!
C172: ='COMPARACIÓN 1H'!A165 -> 0 | D172: ='COMPARACIÓN 1H'!C165 -> - | W172: =+IF(J22<=50.99,$J$712,IF(J22<=100.99,$J$713,IF(J22<=150.99,$J$714,IF(J22<=200.99,$J$715,IF(J22<=300.99,$J$716,IF(J22>300,$J$717,IF(ISTEXT(J22),"Descartada"))))))) -> #VALUE!
C173: ='COMPARACIÓN 1H'!A166 -> 0 | D173: ='COMPARACIÓN 1H'!C166 -> - | W173: =+IF(J23<=50.99,$J$712,IF(J23<=100.99,$J$713,IF(J23<=150.99,$J$714,IF(J23<=200.99,$J$715,IF(J23<=300.99,$J$716,IF(J23>300,$J$717,IF(ISTEXT(J23),"Descartada"))))))) -> #VALUE!
C174: ='COMPARACIÓN 1H'!A167 -> 0 | D174: ='COMPARACIÓN 1H'!C167 -> - | W174: =+IF(J24<=50.99,$J$712,IF(J24<=100.99,$J$713,IF(J24<=150.99,$J$714,IF(J24<=200.99,$J$715,IF(J24<=300.99,$J$716,IF(J24>300,$J$717,IF(ISTEXT(J24),"Descartada"))))))) -> #VALUE!
C175: ='COMPARACIÓN 1H'!A168 -> 0 | D175: ='COMPARACIÓN 1H'!C168 -> - | W175: =+IF(J25<=50.99,$J$712,IF(J25<=100.99,$J$713,IF(J25<=150.99,$J$714,IF(J25<=200.99,$J$715,IF(J25<=300.99,$J$716,IF(J25>300,$J$717,IF(ISTEXT(J25),"Descartada"))))))) -> #VALUE!
C176: ='COMPARACIÓN 1H'!A169 -> 0 | D176: ='COMPARACIÓN 1H'!C169 -> - | W176: =+IF(J26<=50.99,$J$712,IF(J26<=100.99,$J$713,IF(J26<=150.99,$J$714,IF(J26<=200.99,$J$715,IF(J26<=300.99,$J$716,IF(J26>300,$J$717,IF(ISTEXT(J26),"Descartada"))))))) -> #VALUE!
... C314: ='COMPARACIÓN 1H'!A307 -> 0 | D314: ='COMPARACIÓN 1H'!C307 -> - | W314: =+IF(J164<=50.99,$J$712,IF(J164<=100.99,$J$713,IF(J164<=150.99,$J$714,IF(J164<=200.99,$J$715,IF(J164<=300.99,$J$716,IF(J164>300,$J$717,IF(ISTEXT(J164),"Descartada"))))))) -> #VALUE!
C315: ='COMPARACIÓN 1H'!A308 -> 0 | D315: ='COMPARACIÓN 1H'!C308 -> - | W315: =+IF(L15<=50.99,$J$712,IF(L15<=100.99,$J$713,IF(L15<=150.99,$J$714,IF(L15<=200.99,$J$715,IF(L15<=300.99,$J$716,IF(L15>300,$J$717,IF(ISTEXT(L15),"Descartada"))))))) -> #VALUE!
C316: ='COMPARACIÓN 1H'!A309 -> 0 | D316: ='COMPARACIÓN 1H'!C309 -> - | W316: =+IF(L16<=50.99,$J$712,IF(L16<=100.99,$J$713,IF(L16<=150.99,$J$714,IF(L16<=200.99,$J$715,IF(L16<=300.99,$J$716,IF(L16>300,$J$717,IF(ISTEXT(L16),"Descartada"))))))) -> #VALUE!
C317: ='COMPARACIÓN 1H'!A310 -> 0 | D317: ='COMPARACIÓN 1H'!C310 -> - | W317: =+IF(L17<=50.99,$J$712,IF(L17<=100.99,$J$713,IF(L17<=150.99,$J$714,IF(L17<=200.99,$J$715,IF(L17<=300.99,$J$716,IF(L17>300,$J$717,IF(ISTEXT(L17),"Descartada"))))))) -> #VALUE!
C318: ='COMPARACIÓN 1H'!A311 -> 0 | D318: ='COMPARACIÓN 1H'!C311 -> - | W318: =+IF(L18<=50.99,$J$712,IF(L18<=100.99,$J$713,IF(L18<=150.99,$J$714,IF(L18<=200.99,$J$715,IF(L18<=300.99,$J$716,IF(L18>300,$J$717,IF(ISTEXT(L18),"Descartada"))))))) -> #VALUE!
C319: ='COMPARACIÓN 1H'!A312 -> 0 | D319: ='COMPARACIÓN 1H'!C312 -> - | W319: =+IF(L19<=50.99,$J$712,IF(L19<=100.99,$J$713,IF(L19<=150.99,$J$714,IF(L19<=200.99,$J$715,IF(L19<=300.99,$J$716,IF(L19>300,$J$717,IF(ISTEXT(L19),"Descartada"))))))) -> #VALUE!
C320: ='COMPARACIÓN 1H'!A313 -> 0 | D320: ='COMPARACIÓN 1H'!C313 -> - | W320: =+IF(L20<=50.99,$J$712,IF(L20<=100.99,$J$713,IF(L20<=150.99,$J$714,IF(L20<=200.99,$J$715,IF(L20<=300.99,$J$716,IF(L20>300,$J$717,IF(ISTEXT(L20),"Descartada"))))))) -> #VALUE!
C321: ='COMPARACIÓN 1H'!A314 -> 0 | D321: ='COMPARACIÓN 1H'!C314 -> - | W321: =+IF(L21<=50.99,$J$712,IF(L21<=100.99,$J$713,IF(L21<=150.99,$J$714,IF(L21<=200.99,$J$715,IF(L21<=300.99,$J$716,IF(L21>300,$J$717,IF(ISTEXT(L21),"Descartada"))))))) -> #VALUE!
C322: ='COMPARACIÓN 1H'!A315 -> 0 | D322: ='COMPARACIÓN 1H'!C315 -> - | W322: =+IF(L22<=50.99,$J$712,IF(L22<=100.99,$J$713,IF(L22<=150.99,$J$714,IF(L22<=200.99,$J$715,IF(L22<=300.99,$J$716,IF(L22>300,$J$717,IF(ISTEXT(L22),"Descartada"))))))) -> #VALUE!
C323: ='COMPARACIÓN 1H'!A316 -> 0 | D323: ='COMPARACIÓN 1H'!C316 -> - | W323: =+IF(L23<=50.99,$J$712,IF(L23<=100.99,$J$713,IF(L23<=150.99,$J$714,IF(L23<=200.99,$J$715,IF(L23<=300.99,$J$716,IF(L23>300,$J$717,IF(ISTEXT(L23),"Descartada"))))))) -> #VALUE!
C324: ='COMPARACIÓN 1H'!A317 -> 0 | D324: ='COMPARACIÓN 1H'!C317 -> - | W324: =+IF(L24<=50.99,$J$712,IF(L24<=100.99,$J$713,IF(L24<=150.99,$J$714,IF(L24<=200.99,$J$715,IF(L24<=300.99,$J$716,IF(L24>300,$J$717,IF(ISTEXT(L24),"Descartada"))))))) -> #VALUE!
C325: ='COMPARACIÓN 1H'!A318 -> 0 | D325: ='COMPARACIÓN 1H'!C318 -> - | W325: =+IF(L25<=50.99,$J$712,IF(L25<=100.99,$J$713,IF(L25<=150.99,$J$714,IF(L25<=200.99,$J$715,IF(L25<=300.99,$J$716,IF(L25>300,$J$717,IF(ISTEXT(L25),"Descartada"))))))) -> #VALUE!
C326: ='COMPARACIÓN 1H'!A319 -> 0 | D326: ='COMPARACIÓN 1H'!C319 -> - | W326: =+IF(L26<=50.99,$J$712,IF(L26<=100.99,$J$713,IF(L26<=150.99,$J$714,IF(L26<=200.99,$J$715,IF(L26<=300.99,$J$716,IF(L26>300,$J$717,IF(ISTEXT(L26),"Descartada"))))))) -> #VALUE!
... C356: ='COMPARACIÓN 1H'!A349 -> 0 | D356: ='COMPARACIÓN 1H'!C349 -> - | W356: =+IF(L56<=50.99,$J$712,IF(L56<=100.99,$J$713,IF(L56<=150.99,$J$714,IF(L56<=200.99,$J$715,IF(L56<=300.99,$J$716,IF(L56>300,$J$717,IF(ISTEXT(L56),"Descartada"))))))) -> #VALUE!
C357: ='COMPARACIÓN 1H'!A350 -> 0 | D357: ='COMPARACIÓN 1H'!C350 -> - | W357: *
C358: ='COMPARACIÓN 1H'!A351 -> 0 | D358: ='COMPARACIÓN 1H'!C351 -> - | W358: =+IF(L58<=50.99,$J$712,IF(L58<=100.99,$J$713,IF(L58<=150.99,$J$714,IF(L58<=200.99,$J$715,IF(L58<=300.99,$J$716,IF(L58>300,$J$717,IF(ISTEXT(L58),"Descartada"))))))) -> #VALUE!
C359: ='COMPARACIÓN 1H'!A352 -> 0 | D359: ='COMPARACIÓN 1H'!C352 -> - | W359: =+IF(L59<=50.99,$J$712,IF(L59<=100.99,$J$713,IF(L59<=150.99,$J$714,IF(L59<=200.99,$J$715,IF(L59<=300.99,$J$716,IF(L59>300,$J$717,IF(ISTEXT(L59),"Descartada"))))))) -> #VALUE!
C360: ='COMPARACIÓN 1H'!A353 -> 0 | D360: ='COMPARACIÓN 1H'!C353 -> - | W360: =+IF(L60<=50.99,$J$712,IF(L60<=100.99,$J$713,IF(L60<=150.99,$J$714,IF(L60<=200.99,$J$715,IF(L60<=300.99,$J$716,IF(L60>300,$J$717,IF(ISTEXT(L60),"Descartada"))))))) -> #VALUE!
C361: ='COMPARACIÓN 1H'!A354 -> 0 | D361: ='COMPARACIÓN 1H'!C354 -> - | W361: =+IF(L61<=50.99,$J$712,IF(L61<=100.99,$J$713,IF(L61<=150.99,$J$714,IF(L61<=200.99,$J$715,IF(L61<=300.99,$J$716,IF(L61>300,$J$717,IF(ISTEXT(L61),"Descartada"))))))) -> #VALUE!
C362: ='COMPARACIÓN 1H'!A355 -> 0 | D362: ='COMPARACIÓN 1H'!C355 -> - | W362: =+IF(L62<=50.99,$J$712,IF(L62<=100.99,$J$713,IF(L62<=150.99,$J$714,IF(L62<=200.99,$J$715,IF(L62<=300.99,$J$716,IF(L62>300,$J$717,IF(ISTEXT(L62),"Descartada"))))))) -> #VALUE!
C363: ='COMPARACIÓN 1H'!A356 -> 0 | D363: ='COMPARACIÓN 1H'!C356 -> - | W363: =+IF(L63<=50.99,$J$712,IF(L63<=100.99,$J$713,IF(L63<=150.99,$J$714,IF(L63<=200.99,$J$715,IF(L63<=300.99,$J$716,IF(L63>300,$J$717,IF(ISTEXT(L63),"Descartada"))))))) -> #VALUE!
C364: ='COMPARACIÓN 1H'!A357 -> 0 | D364: ='COMPARACIÓN 1H'!C357 -> - | W364: =+IF(L64<=50.99,$J$712,IF(L64<=100.99,$J$713,IF(L64<=150.99,$J$714,IF(L64<=200.99,$J$715,IF(L64<=300.99,$J$716,IF(L64>300,$J$717,IF(ISTEXT(L64),"Descartada"))))))) -> #VALUE!
C365: ='COMPARACIÓN 1H'!A358 -> 0 | D365: ='COMPARACIÓN 1H'!C358 -> - | W365: =+IF(L65<=50.99,$J$712,IF(L65<=100.99,$J$713,IF(L65<=150.99,$J$714,IF(L65<=200.99,$J$715,IF(L65<=300.99,$J$716,IF(L65>300,$J$717,IF(ISTEXT(L65),"Descartada"))))))) -> #VALUE!
C366: ='COMPARACIÓN 1H'!A359 -> 0 | D366: ='COMPARACIÓN 1H'!C359 -> - | W366: =+IF(L66<=50.99,$J$712,IF(L66<=100.99,$J$713,IF(L66<=150.99,$J$714,IF(L66<=200.99,$J$715,IF(L66<=300.99,$J$716,IF(L66>300,$J$717,IF(ISTEXT(L66),"Descartada"))))))) -> #VALUE!
C367: ='COMPARACIÓN 1H'!A360 -> 0 | D367: ='COMPARACIÓN 1H'!C360 -> - | W367: =+IF(L67<=50.99,$J$712,IF(L67<=100.99,$J$713,IF(L67<=150.99,$J$714,IF(L67<=200.99,$J$715,IF(L67<=300.99,$J$716,IF(L67>300,$J$717,IF(ISTEXT(L67),"Descartada"))))))) -> #VALUE!
C368: ='COMPARACIÓN 1H'!A361 -> 0 | D368: ='COMPARACIÓN 1H'!C361 -> - | W368: =+IF(L68<=50.99,$J$712,IF(L68<=100.99,$J$713,IF(L68<=150.99,$J$714,IF(L68<=200.99,$J$715,IF(L68<=300.99,$J$716,IF(L68>300,$J$717,IF(ISTEXT(L68),"Descartada"))))))) -> #VALUE!
C369: ='COMPARACIÓN 1H'!A362 -> 0 | D369: ='COMPARACIÓN 1H'!C362 -> - | W369: =+IF(L69<=50.99,$J$712,IF(L69<=100.99,$J$713,IF(L69<=150.99,$J$714,IF(L69<=200.99,$J$715,IF(L69<=300.99,$J$716,IF(L69>300,$J$717,IF(ISTEXT(L69),"Descartada"))))))) -> #VALUE!
... C464: ='COMPARACIÓN 1H'!A457 -> 0 | D464: ='COMPARACIÓN 1H'!C457 -> - | W464: =+IF(L164<=50.99,$J$712,IF(L164<=100.99,$J$713,IF(L164<=150.99,$J$714,IF(L164<=200.99,$J$715,IF(L164<=300.99,$J$716,IF(L164>300,$J$717,IF(ISTEXT(L164),"Descartada"))))))) -> #VALUE!
C465: ='COMPARACIÓN 1H'!A458 -> 0 | D465: ='COMPARACIÓN 1H'!C458 -> - | W465: =+IF(N15<=50.99,$J$712,IF(N15<=100.99,$J$713,IF(N15<=150.99,$J$714,IF(N15<=200.99,$J$715,IF(N15<=300.99,$J$716,IF(N15>300,$J$717,IF(ISTEXT(N15),"Descartada"))))))) -> #VALUE!
C466: ='COMPARACIÓN 1H'!A459 -> 0 | D466: ='COMPARACIÓN 1H'!C459 -> - | W466: =+IF(N16<=50.99,$J$712,IF(N16<=100.99,$J$713,IF(N16<=150.99,$J$714,IF(N16<=200.99,$J$715,IF(N16<=300.99,$J$716,IF(N16>300,$J$717,IF(ISTEXT(N16),"Descartada"))))))) -> #VALUE!
C467: ='COMPARACIÓN 1H'!A460 -> 0 | D467: ='COMPARACIÓN 1H'!C460 -> - | W467: =+IF(N17<=50.99,$J$712,IF(N17<=100.99,$J$713,IF(N17<=150.99,$J$714,IF(N17<=200.99,$J$715,IF(N17<=300.99,$J$716,IF(N17>300,$J$717,IF(ISTEXT(N17),"Descartada"))))))) -> #VALUE!
C468: ='COMPARACIÓN 1H'!A461 -> 0 | D468: ='COMPARACIÓN 1H'!C461 -> - | W468: =+IF(N18<=50.99,$J$712,IF(N18<=100.99,$J$713,IF(N18<=150.99,$J$714,IF(N18<=200.99,$J$715,IF(N18<=300.99,$J$716,IF(N18>300,$J$717,IF(ISTEXT(N18),"Descartada"))))))) -> #VALUE!
C469: ='COMPARACIÓN 1H'!A462 -> 0 | D469: ='COMPARACIÓN 1H'!C462 -> - | W469: =+IF(N19<=50.99,$J$712,IF(N19<=100.99,$J$713,IF(N19<=150.99,$J$714,IF(N19<=200.99,$J$715,IF(N19<=300.99,$J$716,IF(N19>300,$J$717,IF(ISTEXT(N19),"Descartada"))))))) -> #VALUE!
C470: ='COMPARACIÓN 1H'!A463 -> 0 | D470: ='COMPARACIÓN 1H'!C463 -> - | W470: =+IF(N20<=50.99,$J$712,IF(N20<=100.99,$J$713,IF(N20<=150.99,$J$714,IF(N20<=200.99,$J$715,IF(N20<=300.99,$J$716,IF(N20>300,$J$717,IF(ISTEXT(N20),"Descartada"))))))) -> #VALUE!
C471: ='COMPARACIÓN 1H'!A464 -> 0 | D471: ='COMPARACIÓN 1H'!C464 -> - | W471: =+IF(N21<=50.99,$J$712,IF(N21<=100.99,$J$713,IF(N21<=150.99,$J$714,IF(N21<=200.99,$J$715,IF(N21<=300.99,$J$716,IF(N21>300,$J$717,IF(ISTEXT(N21),"Descartada"))))))) -> #VALUE!
C472: ='COMPARACIÓN 1H'!A465 -> 0 | D472: ='COMPARACIÓN 1H'!C465 -> - | W472: =+IF(N22<=50.99,$J$712,IF(N22<=100.99,$J$713,IF(N22<=150.99,$J$714,IF(N22<=200.99,$J$715,IF(N22<=300.99,$J$716,IF(N22>300,$J$717,IF(ISTEXT(N22),"Descartada"))))))) -> #VALUE!
C473: ='COMPARACIÓN 1H'!A466 -> 0 | D473: ='COMPARACIÓN 1H'!C466 -> - | W473: =+IF(N23<=50.99,$J$712,IF(N23<=100.99,$J$713,IF(N23<=150.99,$J$714,IF(N23<=200.99,$J$715,IF(N23<=300.99,$J$716,IF(N23>300,$J$717,IF(ISTEXT(N23),"Descartada"))))))) -> #VALUE!
C474: ='COMPARACIÓN 1H'!A467 -> 0 | D474: ='COMPARACIÓN 1H'!C467 -> - | W474: =+IF(N24<=50.99,$J$712,IF(N24<=100.99,$J$713,IF(N24<=150.99,$J$714,IF(N24<=200.99,$J$715,IF(N24<=300.99,$J$716,IF(N24>300,$J$717,IF(ISTEXT(N24),"Descartada"))))))) -> #VALUE!
C475: ='COMPARACIÓN 1H'!A468 -> 0 | D475: ='COMPARACIÓN 1H'!C468 -> - | W475: =+IF(N25<=50.99,$J$712,IF(N25<=100.99,$J$713,IF(N25<=150.99,$J$714,IF(N25<=200.99,$J$715,IF(N25<=300.99,$J$716,IF(N25>300,$J$717,IF(ISTEXT(N25),"Descartada"))))))) -> #VALUE!
C476: ='COMPARACIÓN 1H'!A469 -> 0 | D476: ='COMPARACIÓN 1H'!C469 -> - | W476: =+IF(N26<=50.99,$J$712,IF(N26<=100.99,$J$713,IF(N26<=150.99,$J$714,IF(N26<=200.99,$J$715,IF(N26<=300.99,$J$716,IF(N26>300,$J$717,IF(ISTEXT(N26),"Descartada"))))))) -> #VALUE!
... C614: ='COMPARACIÓN 1H'!A607 -> 0 | D614: ='COMPARACIÓN 1H'!C607 -> - | W614: =+IF(N164<=50.99,$J$712,IF(N164<=100.99,$J$713,IF(N164<=150.99,$J$714,IF(N164<=200.99,$J$715,IF(N164<=300.99,$J$716,IF(N164>300,$J$717,IF(ISTEXT(N164),"Descartada"))))))) -> #VALUE!
C615: ='COMPARACIÓN 1H'!A608 -> 0 | D615: ='COMPARACIÓN 1H'!C608 -> - | W615: =+IF(P15<=50.99,$J$712,IF(P15<=100.99,$J$713,IF(P15<=150.99,$J$714,IF(P15<=200.99,$J$715,IF(P15<=300.99,$J$716,IF(P15>300,$J$717,IF(ISTEXT(P15),"Descartada"))))))) -> #VALUE!
C616: ='COMPARACIÓN 1H'!A609 -> 0 | D616: ='COMPARACIÓN 1H'!C609 -> - | W616: =+IF(P16<=50.99,$J$712,IF(P16<=100.99,$J$713,IF(P16<=150.99,$J$714,IF(P16<=200.99,$J$715,IF(P16<=300.99,$J$716,IF(P16>300,$J$717,IF(ISTEXT(P16),"Descartada"))))))) -> #VALUE!
C617: ='COMPARACIÓN 1H'!A610 -> 0 | D617: ='COMPARACIÓN 1H'!C610 -> - | W617: =+IF(P17<=50.99,$J$712,IF(P17<=100.99,$J$713,IF(P17<=150.99,$J$714,IF(P17<=200.99,$J$715,IF(P17<=300.99,$J$716,IF(P17>300,$J$717,IF(ISTEXT(P17),"Descartada"))))))) -> #VALUE!
C618: ='COMPARACIÓN 1H'!A611 -> 0 | D618: ='COMPARACIÓN 1H'!C611 -> - | W618: =+IF(P18<=50.99,$J$712,IF(P18<=100.99,$J$713,IF(P18<=150.99,$J$714,IF(P18<=200.99,$J$715,IF(P18<=300.99,$J$716,IF(P18>300,$J$717,IF(ISTEXT(P18),"Descartada"))))))) -> #VALUE!
C619: ='COMPARACIÓN 1H'!A612 -> 0 | D619: ='COMPARACIÓN 1H'!C612 -> - | W619: =+IF(P19<=50.99,$J$712,IF(P19<=100.99,$J$713,IF(P19<=150.99,$J$714,IF(P19<=200.99,$J$715,IF(P19<=300.99,$J$716,IF(P19>300,$J$717,IF(ISTEXT(P19),"Descartada"))))))) -> #VALUE!
C620: ='COMPARACIÓN 1H'!A613 -> 0 | D620: ='COMPARACIÓN 1H'!C613 -> - | W620: =+IF(P20<=50.99,$J$712,IF(P20<=100.99,$J$713,IF(P20<=150.99,$J$714,IF(P20<=200.99,$J$715,IF(P20<=300.99,$J$716,IF(P20>300,$J$717,IF(ISTEXT(P20),"Descartada"))))))) -> #VALUE!
C621: ='COMPARACIÓN 1H'!A614 -> 0 | D621: ='COMPARACIÓN 1H'!C614 -> - | W621: =+IF(P21<=50.99,$J$712,IF(P21<=100.99,$J$713,IF(P21<=150.99,$J$714,IF(P21<=200.99,$J$715,IF(P21<=300.99,$J$716,IF(P21>300,$J$717,IF(ISTEXT(P21),"Descartada"))))))) -> #VALUE!
C622: ='COMPARACIÓN 1H'!A615 -> 0 | D622: ='COMPARACIÓN 1H'!C615 -> - | W622: =+IF(P22<=50.99,$J$712,IF(P22<=100.99,$J$713,IF(P22<=150.99,$J$714,IF(P22<=200.99,$J$715,IF(P22<=300.99,$J$716,IF(P22>300,$J$717,IF(ISTEXT(P22),"Descartada"))))))) -> #VALUE!
C623: ='COMPARACIÓN 1H'!A616 -> 0 | D623: ='COMPARACIÓN 1H'!C616 -> - | W623: =+IF(P23<=50.99,$J$712,IF(P23<=100.99,$J$713,IF(P23<=150.99,$J$714,IF(P23<=200.99,$J$715,IF(P23<=300.99,$J$716,IF(P23>300,$J$717,IF(ISTEXT(P23),"Descartada"))))))) -> #VALUE!
C624: ='COMPARACIÓN 1H'!A617 -> 0 | D624: ='COMPARACIÓN 1H'!C617 -> - | W624: =+IF(P24<=50.99,$J$712,IF(P24<=100.99,$J$713,IF(P24<=150.99,$J$714,IF(P24<=200.99,$J$715,IF(P24<=300.99,$J$716,IF(P24>300,$J$717,IF(ISTEXT(P24),"Descartada"))))))) -> #VALUE!
C625: ='COMPARACIÓN 1H'!A618 -> 0 | D625: ='COMPARACIÓN 1H'!C618 -> - | W625: =+IF(P25<=50.99,$J$712,IF(P25<=100.99,$J$713,IF(P25<=150.99,$J$714,IF(P25<=200.99,$J$715,IF(P25<=300.99,$J$716,IF(P25>300,$J$717,IF(ISTEXT(P25),"Descartada"))))))) -> #VALUE!
...

Sheet ICA 1H-NO2
E2: ='COMPARACIÓN 8H'!E1 -> PROCESAMIENTO DE EQUIPOS AUTOMATICOS CALIDAD DE AIRE | N2: ='COMPARACIÓN 8H'!I1 -> Codigo: FO-PO-PSM-66-06
N3: ='COMPARACIÓN 8H'!I2 -> Versiòn: 01
N4: ='COMPARACIÓN 8H'!I3 -> Fecha : 26/08/2023
K6: Verde | L6: 0 - 50
C7: 0-100 | D7: 101-189 | E7: 190-677 | F7: 678-1221 | G7: 1222-2349 | H7: 2350-3853 | K7: Amarillo | L7: 51 - 100
B8: Ialto | C8: 50 | D8: 100 | E8: 150 | F8: 200 | G8: 300 | H8: 500 | K8: Naranja | L8: 101 - 150
B9: Ibajo | C9: 0 | D9: 51 | E9: 101 | F9: 151 | G9: 201 | H9: 301 | K9: Rojo | L9: 151 - 200
B10: PCalto | C10: 100 | D10: 189 | E10: 677 | F10: 1221 | G10: 2349 | H10: 3853 | K10: Purpura | L10: 201 - 300
B11: PCbajo | C11: 0 | D11: 101 | E11: 190 | F11: 678 | G11: 1222 | H11: 2350 | K11: Marron | L11: 301 - 500
C14: Fecha | D14: Estación 1. | G14: Fecha | H14: ICA | I14: Fecha | J14: ICA | K14: Fecha | L14: ICA | M14: Fecha | N14: ICA | O14: Fecha | P14: ICA
C15: 43952 | D15: ='COMPARACIÓN 1H'!E8 -> - | G15: =C15 -> 43952 | H15: =IF(D15<=$C$10,(((($C$8-$C$9)/($C$10-$C$11))*(D15-$C$11))+$C$9),(IF(D15<=$D$10,(((($D$8-$D$9)/($D$10-$D$11))*(D15-$D$11))+$D$9),IF(D15<=$E$10,(((($E$8-$E$9)/($E$10-$E$11))*(D15-$E$11))+$E$9),IF(D15<=$F$10,(((($F$8-$F$9)/($F$10-$F$11))*(D15-$F$11))+$F$9),IF(D15<=$G$10,(((($G$8-$G$9)/($G$10-$G$11))*(D15-$G$11))+$G$9),((((($H$8-$H$9)/($H$10-$H$11))*(D15-$H$11))+$H$9)))))))) -> #VALUE! | I15: =C165 -> 43958.25 | J15: =IF(D165<=$C$10,(((($C$8-$C$9)/($C$10-$C$11))*(D165-$C$11))+$C$9),(IF(D165<=$D$10,(((($D$8-$D$9)/($D$10-$D$11))*(D165-$D$11))+$D$9),IF(D165<=$E$10,(((($E$8-$E$9)/($E$10-$E$11))*(D165-$E$11))+$E$9),IF(D165<=$F$10,(((($F$8-$F$9)/($F$10-$F$11))*(D165-$F$11))+$F$9),IF(D165<=$G$10,(((($G$8-$G$9)/($G$10-$G$11))*(D165-$G$11))+$G$9),((((($H$8-$H$9)/($H$10-$H$11))*(D165-$H$11))+$H$9)))))))) -> #VALUE! | K15: =C315 -> 43964.5 | L15: =IF(D315<=$C$10,(((($C$8-$C$9)/($C$10-$C$11))*(D315-$C$11))+$C$9),(IF(D315<=$D$10,(((($D$8-$D$9)/($D$10-$D$11))*(D315-$D$11))+$D$9),IF(D315<=$E$10,(((($E$8-$E$9)/($E$10-$E$11))*(D315-$E$11))+$E$9),IF(D315<=$F$10,(((($F$8-$F$9)/($F$10-$F$11))*(D315-$F$11))+$F$9),IF(D315<=$G$10,(((($G$8-$G$9)/($G$10-$G$11))*(D315-$G$11))+$G$9),((((($H$8-$H$9)/($H$10-$H$11))*(D315-$H$11))+$H$9)))))))) -> #VALUE! | M15: =C465 -> 43970.75 | N15: =IF(D465<=$C$10,(((($C$8-$C$9)/($C$10-$C$11))*(D465-$C$11))+$C$9),(IF(D465<=$D$10,(((($D$8-$D$9)/($D$10-$D$11))*(D465-$D$11))+$D$9),IF(D465<=$E$10,(((($E$8-$E$9)/($E$10-$E$11))*(D465-$E$11))+$E$9),IF(D465<=$F$10,(((($F$8-$F$9)/($F$10-$F$11))*(D465-$F$11))+$F$9),IF(D465<=$G$10,(((($G$8-$G$9)/($G$10-$G$11))*(D465-$G$11))+$G$9),((((($H$8-$H$9)/($H$10-$H$11))*(D465-$H$11))+$H$9)))))))) -> #VALUE! | O15: =C615 -> 43977 | P15: =IF(D615<=$C$10,(((($C$8-$C$9)/($C$10-$C$11))*(D615-$C$11))+$C$9),(IF(D615<=$D$10,(((($D$8-$D$9)/($D$10-$D$11))*(D615-$D$11))+$D$9),IF(D615<=$E$10,(((($E$8-$E$9)/($E$10-$E$11))*(D615-$E$11))+$E$9),IF(D615<=$F$10,(((($F$8-$F$9)/($F$10-$F$11))*(D615-$F$11))+$F$9),IF(D615<=$G$10,(((($G$8-$G$9)/($G$10-$G$11))*(D615-$G$11))+$G$9),((((($H$8-$H$9)/($H$10-$H$11))*(D615-$H$11))+$H$9)))))))) -> #VALUE! | W15: =+IF(H15<=50.99,$J$712,IF(H15<=100.99,$J$713,IF(H15<=150.99,$J$714,IF(H15<=200.99,$J$715,IF(H15<=300.99,$J$716,IF(H15>300,$J$717,IF(ISTEXT(H15),"Descartada"))))))) -> #VALUE!
C16: 43952.042 | D16: ='COMPARACIÓN 1H'!E9 -> - | G16: =C16 -> 43952.042 | H16: =IF(D16<=$C$10,(((($C$8-$C$9)/($C$10-$C$11))*(D16-$C$11))+$C$9),(IF(D16<=$D$10,(((($D$8-$D$9)/($D$10-$D$11))*(D16-$D$11))+$D$9),IF(D16<=$E$10,(((($E$8-$E$9)/($E$10-$E$11))*(D16-$E$11))+$E$9),IF(D16<=$F$10,(((($F$8-$F$9)/($F$10-$F$11))*(D16-$F$11))+$F$9),IF(D16<=$G$10,(((($G$8-$G$9)/($G$10-$G$11))*(D16-$G$11))+$G$9),((((($H$8-$H$9)/($H$10-$H$11))*(D16-$H$11))+$H$9)))))))) -> #VALUE! | I16: =C166 -> 43958.292 | J16: =IF(D166<=$C$10,(((($C$8-$C$9)/($C$10-$C$11))*(D166-$C$11))+$C$9),(IF(D166<=$D$10,(((($D$8-$D$9)/($D$10-$D$11))*(D166-$D$11))+$D$9),IF(D166<=$E$10,(((($E$8-$E$9)/($E$10-$E$11))*(D166-$E$11))+$E$9),IF(D166<=$F$10,(((($F$8-$F$9)/($F$10-$F$11))*(D166-$F$11))+$F$9),IF(D166<=$G$10,(((($G$8-$G$9)/($G$10-$G$11))*(D166-$G$11))+$G$9),((((($H$8-$H$9)/($H$10-$H$11))*(D166-$H$11))+$H$9)))))))) -> #VALUE! | K16: =C316 -> 43964.542 | L16: =IF(D316<=$C$10,(((($C$8-$C$9)/($C$10-$C$11))*(D316-$C$11))+$C$9),(IF(D316<=$D$10,(((($D$8-$D$9)/($D$10-$D$11))*(D316-$D$11))+$D$9),IF(D316<=$E$10,(((($E$8-$E$9)/($E$10-$E$11))*(D316-$E$11))+$E$9),IF(D316<=$F$10,(((($F$8-$F$9)/($F$10-$F$11))*(D316-$F$11))+$F$9),IF(D316<=$G$10,(((($G$8-$G$9)/($G$10-$G$11))*(D316-$G$11))+$G$9),((((($H$8-$H$9)/($H$10-$H$11))*(D316-$H$11))+$H$9)))))))) -> #VALUE! | M16: =C466 -> 43970.792 | N16: =IF(D466<=$C$10,(((($C$8-$C$9)/($C$10-$C$11))*(D466-$C$11))+$C$9),(IF(D466<=$D$10,(((($D$8-$D$9)/($D$10-$D$11))*(D466-$D$11))+$D$9),IF(D466<=$E$10,(((($E$8-$E$9)/($E$10-$E$11))*(D466-$E$11))+$E$9),IF(D466<=$F$10,(((($F$8-$F$9)/($F$10-$F$11))*(D466-$F$11))+$F$9),IF(D466<=$G$10,(((($G$8-$G$9)/($G$10-$G$11))*(D466-$G$11))+$G$9),((((($H$8-$H$9)/($H$10-$H$11))*(D466-$H$11))+$H$9)))))))) -> #VALUE! | O16: =C616 -> 43977.042 | P16: =IF(D616<=$C$10,(((($C$8-$C$9)/($C$10-$C$11))*(D616-$C$11))+$C$9),(IF(D616<=$D$10,(((($D$8-$D$9)/($D$10-$D$11))*(D616-$D$11))+$D$9),IF(D616<=$E$10,(((($E$8-$E$9)/($E$10-$E$11))*(D616-$E$11))+$E$9),IF(D616<=$F$10,(((($F$8-$F$9)/($F$10-$F$11))*(D616-$F$11))+$F$9),IF(D616<=$G$10,(((($G$8-$G$9)/($G$10-$G$11))*(D616-$G$11))+$G$9),((((($H$8-$H$9)/($H$10-$H$11))*(D616-$H$11))+$H$9)))))))) -> #VALUE! | W16: =+IF(H16<=50.99,$J$712,IF(H16<=100.99,$J$713,IF(H16<=150.99,$J$714,IF(H16<=200.99,$J$715,IF(H16<=300.99,$J$716,IF(H16>300,$J$717,IF(ISTEXT(H16),"Descartada"))))))) -> #VALUE!
C17: 43952.083 | D17: ='COMPARACIÓN 1H'!E10 -> - | G17: =C17 -> 43952.083 | H17: =IF(D17<=$C$10,(((($C$8-$C$9)/($C$10-$C$11))*(D17-$C$11))+$C$9),(IF(D17<=$D$10,(((($D$8-$D$9)/($D$10-$D$11))*(D17-$D$11))+$D$9),IF(D17<=$E$10,(((($E$8-$E$9)/($E$10-$E$11))*(D17-$E$11))+$E$9),IF(D17<=$F$10,(((($F$8-$F$9)/($F$10-$F$11))*(D17-$F$11))+$F$9),IF(D17<=$G$10,(((($G$8-$G$9)/($G$10-$G$11))*(D17-$G$11))+$G$9),((((($H$8-$H$9)/($H$10-$H$11))*(D17-$H$11))+$H$9)))))))) -> #VALUE! | I17: =C167 -> 43958.333 | J17: =IF(D167<=$C$10,(((($C$8-$C$9)/($C$10-$C$11))*(D167-$C$11))+$C$9),(IF(D167<=$D$10,(((($D$8-$D$9)/($D$10-$D$11))*(D167-$D$11))+$D$9),IF(D167<=$E$10,(((($E$8-$E$9)/($E$10-$E$11))*(D167-$E$11))+$E$9),IF(D167<=$F$10,(((($F$8-$F$9)/($F$10-$F$11))*(D167-$F$11))+$F$9),IF(D167<=$G$10,(((($G$8-$G$9)/($G$10-$G$11))*(D167-$G$11))+$G$9),((((($H$8-$H$9)/($H$10-$H$11))*(D167-$H$11))+$H$9)))))))) -> #VALUE! | K17: =C317 -> 43964.583 | L17: =IF(D317<=$C$10,(((($C$8-$C$9)/($C$10-$C$11))*(D317-$C$11))+$C$9),(IF(D317<=$D$10,(((($D$8-$D$9)/($D$10-$D$11))*(D317-$D$11))+$D$9),IF(D317<=$E$10,(((($E$8-$E$9)/($E$10-$E$11))*(D317-$E$11))+$E$9),IF(D317<=$F$10,(((($F$8-$F$9)/($F$10-$F$11))*(D317-$F$11))+$F$9),IF(D317<=$G$10,(((($G$8-$G$9)/($G$10-$G$11))*(D317-$G$11))+$G$9),((((($H$8-$H$9)/($H$10-$H$11))*(D317-$H$11))+$H$9)))))))) -> #VALUE! | M17: =C467 -> 43970.833 | N17: =IF(D467<=$C$10,(((($C$8-$C$9)/($C$10-$C$11))*(D467-$C$11))+$C$9),(IF(D467<=$D$10,(((($D$8-$D$9)/($D$10-$D$11))*(D467-$D$11))+$D$9),IF(D467<=$E$10,(((($E$8-$E$9)/($E$10-$E$11))*(D467-$E$11))+$E$9),IF(D467<=$F$10,(((($F$8-$F$9)/($F$10-$F$11))*(D467-$F$11))+$F$9),IF(D467<=$G$10,(((($G$8-$G$9)/($G$10-$G$11))*(D467-$G$11))+$G$9),((((($H$8-$H$9)/($H$10-$H$11))*(D467-$H$11))+$H$9)))))))) -> #VALUE! | O17: =C617 -> 43977.083 | P17: =IF(D617<=$C$10,(((($C$8-$C$9)/($C$10-$C$11))*(D617-$C$11))+$C$9),(IF(D617<=$D$10,(((($D$8-$D$9)/($D$10-$D$11))*(D617-$D$11))+$D$9),IF(D617<=$E$10,(((($E$8-$E$9)/($E$10-$E$11))*(D617-$E$11))+$E$9),IF(D617<=$F$10,(((($F$8-$F$9)/($F$10-$F$11))*(D617-$F$11))+$F$9),IF(D617<=$G$10,(((($G$8-$G$9)/($G$10-$G$11))*(D617-$G$11))+$G$9),((((($H$8-$H$9)/($H$10-$H$11))*(D617-$H$11))+$H$9)))))))) -> #VALUE! | W17: =+IF(H17<=50.99,$J$712,IF(H17<=100.99,$J$713,IF(H17<=150.99,$J$714,IF(H17<=200.99,$J$715,IF(H17<=300.99,$J$716,IF(H17>300,$J$717,IF(ISTEXT(H17),"Descartada"))))))) -> #VALUE!
C18: 43952.125 | D18: ='COMPARACIÓN 1H'!E11 -> - | G18: =C18 -> 43952.125 | H18: =IF(D18<=$C$10,(((($C$8-$C$9)/($C$10-$C$11))*(D18-$C$11))+$C$9),(IF(D18<=$D$10,(((($D$8-$D$9)/($D$10-$D$11))*(D18-$D$11))+$D$9),IF(D18<=$E$10,(((($E$8-$E$9)/($E$10-$E$11))*(D18-$E$11))+$E$9),IF(D18<=$F$10,(((($F$8-$F$9)/($F$10-$F$11))*(D18-$F$11))+$F$9),IF(D18<=$G$10,(((($G$8-$G$9)/($G$10-$G$11))*(D18-$G$11))+$G$9),((((($H$8-$H$9)/($H$10-$H$11))*(D18-$H$11))+$H$9)))))))) -> #VALUE! | I18: =C168 -> 43958.375 | J18: =IF(D168<=$C$10,(((($C$8-$C$9)/($C$10-$C$11))*(D168-$C$11))+$C$9),(IF(D168<=$D$10,(((($D$8-$D$9)/($D$10-$D$11))*(D168-$D$11))+$D$9),IF(D168<=$E$10,(((($E$8-$E$9)/($E$10-$E$11))*(D168-$E$11))+$E$9),IF(D168<=$F$10,(((($F$8-$F$9)/($F$10-$F$11))*(D168-$F$11))+$F$9),IF(D168<=$G$10,(((($G$8-$G$9)/($G$10-$G$11))*(D168-$G$11))+$G$9),((((($H$8-$H$9)/($H$10-$H$11))*(D168-$H$11))+$H$9)))))))) -> #VALUE! | K18: =C318 -> 43964.625 | L18: =IF(D318<=$C$10,(((($C$8-$C$9)/($C$10-$C$11))*(D318-$C$11))+$C$9),(IF(D318<=$D$10,(((($D$8-$D$9)/($D$10-$D$11))*(D318-$D$11))+$D$9),IF(D318<=$E$10,(((($E$8-$E$9)/($E$10-$E$11))*(D318-$E$11))+$E$9),IF(D318<=$F$10,(((($F$8-$F$9)/($F$10-$F$11))*(D318-$F$11))+$F$9),IF(D318<=$G$10,(((($G$8-$G$9)/($G$10-$G$11))*(D318-$G$11))+$G$9),((((($H$8-$H$9)/($H$10-$H$11))*(D318-$H$11))+$H$9)))))))) -> #VALUE! | M18: =C468 -> 43970.875 | N18: =IF(D468<=$C$10,(((($C$8-$C$9)/($C$10-$C$11))*(D468-$C$11))+$C$9),(IF(D468<=$D$10,(((($D$8-$D$9)/($D$10-$D$11))*(D468-$D$11))+$D$9),IF(D468<=$E$10,(((($E$8-$E$9)/($E$10-$E$11))*(D468-$E$11))+$E$9),IF(D468<=$F$10,(((($F$8-$F$9)/($F$10-$F$11))*(D468-$F$11))+$F$9),IF(D468<=$G$10,(((($G$8-$G$9)/($G$10-$G$11))*(D468-$G$11))+$G$9),((((($H$8-$H$9)/($H$10-$H$11))*(D468-$H$11))+$H$9)))))))) -> #VALUE! | O18: =C618 -> 43977.125 | P18: =IF(D618<=$C$10,(((($C$8-$C$9)/($C$10-$C$11))*(D618-$C$11))+$C$9),(IF(D618<=$D$10,(((($D$8-$D$9)/($D$10-$D$11))*(D618-$D$11))+$D$9),IF(D618<=$E$10,(((($E$8-$E$9)/($E$10-$E$11))*(D618-$E$11))+$E$9),IF(D618<=$F$10,(((($F$8-$F$9)/($F$10-$F$11))*(D618-$F$11))+$F$9),IF(D618<=$G$10,(((($G$8-$G$9)/($G$10-$G$11))*(D618-$G$11))+$G$9),((((($H$8-$H$9)/($H$10-$H$11))*(D618-$H$11))+$H$9)))))))) -> #VALUE! | W18: =+IF(H18<=50.99,$J$712,IF(H18<=100.99,$J$713,IF(H18<=150.99,$J$714,IF(H18<=200.99,$J$715,IF(H18<=300.99,$J$716,IF(H18>300,$J$717,IF(ISTEXT(H18),"Descartada"))))))) -> #VALUE!
C19: 43952.167 | D19: ='COMPARACIÓN 1H'!E12 -> - | G19: =C19 -> 43952.167 | H19: =IF(D19<=$C$10,(((($C$8-$C$9)/($C$10-$C$11))*(D19-$C$11))+$C$9),(IF(D19<=$D$10,(((($D$8-$D$9)/($D$10-$D$11))*(D19-$D$11))+$D$9),IF(D19<=$E$10,(((($E$8-$E$9)/($E$10-$E$11))*(D19-$E$11))+$E$9),IF(D19<=$F$10,(((($F$8-$F$9)/($F$10-$F$11))*(D19-$F$11))+$F$9),IF(D19<=$G$10,(((($G$8-$G$9)/($G$10-$G$11))*(D19-$G$11))+$G$9),((((($H$8-$H$9)/($H$10-$H$11))*(D19-$H$11))+$H$9)))))))) -> #VALUE! | I19: =C169 -> 43958.417 | J19: =IF(D169<=$C$10,(((($C$8-$C$9)/($C$10-$C$11))*(D169-$C$11))+$C$9),(IF(D169<=$D$10,(((($D$8-$D$9)/($D$10-$D$11))*(D169-$D$11))+$D$9),IF(D169<=$E$10,(((($E$8-$E$9)/($E$10-$E$11))*(D169-$E$11))+$E$9),IF(D169<=$F$10,(((($F$8-$F$9)/($F$10-$F$11))*(D169-$F$11))+$F$9),IF(D169<=$G$10,(((($G$8-$G$9)/($G$10-$G$11))*(D169-$G$11))+$G$9),((((($H$8-$H$9)/($H$10-$H$11))*(D169-$H$11))+$H$9)))))))) -> #VALUE! | K19: =C319 -> 43964.667 | L19: =IF(D319<=$C$10,(((($C$8-$C$9)/($C$10-$C$11))*(D319-$C$11))+$C$9),(IF(D319<=$D$10,(((($D$8-$D$9)/($D$10-$D$11))*(D319-$D$11))+$D$9),IF(D319<=$E$10,(((($E$8-$E$9)/($E$10-$E$11))*(D319-$E$11))+$E$9),IF(D319<=$F$10,(((($F$8-$F$9)/($F$10-$F$11))*(D319-$F$11))+$F$9),IF(D319<=$G$10,(((($G$8-$G$9)/($G$10-$G$11))*(D319-$G$11))+$G$9),((((($H$8-$H$9)/($H$10-$H$11))*(D319-$H$11))+$H$9)))))))) -> #VALUE! | M19: =C469 -> 43970.917 | N19: =IF(D469<=$C$10,(((($C$8-$C$9)/($C$10-$C$11))*(D469-$C$11))+$C$9),(IF(D469<=$D$10,(((($D$8-$D$9)/($D$10-$D$11))*(D469-$D$11))+$D$9),IF(D469<=$E$10,(((($E$8-$E$9)/($E$10-$E$11))*(D469-$E$11))+$E$9),IF(D469<=$F$10,(((($F$8-$F$9)/($F$10-$F$11))*(D469-$F$11))+$F$9),IF(D469<=$G$10,(((($G$8-$G$9)/($G$10-$G$11))*(D469-$G$11))+$G$9),((((($H$8-$H$9)/($H$10-$H$11))*(D469-$H$11))+$H$9)))))))) -> #VALUE! | O19: =C619 -> 43977.167 | P19: =IF(D619<=$C$10,(((($C$8-$C$9)/($C$10-$C$11))*(D619-$C$11))+$C$9),(IF(D619<=$D$10,(((($D$8-$D$9)/($D$10-$D$11))*(D619-$D$11))+$D$9),IF(D619<=$E$10,(((($E$8-$E$9)/($E$10-$E$11))*(D619-$E$11))+$E$9),IF(D619<=$F$10,(((($F$8-$F$9)/($F$10-$F$11))*(D619-$F$11))+$F$9),IF(D619<=$G$10,(((($G$8-$G$9)/($G$10-$G$11))*(D619-$G$11))+$G$9),((((($H$8-$H$9)/($H$10-$H$11))*(D619-$H$11))+$H$9)))))))) -> #VALUE! | W19: =+IF(H19<=50.99,$J$712,IF(H19<=100.99,$J$713,IF(H19<=150.99,$J$714,IF(H19<=200.99,$J$715,IF(H19<=300.99,$J$716,IF(H19>300,$J$717,IF(ISTEXT(H19),"Descartada"))))))) -> #VALUE!
C20: 43952.208 | D20: ='COMPARACIÓN 1H'!E13 -> - | G20: =C20 -> 43952.208 | H20: =IF(D20<=$C$10,(((($C$8-$C$9)/($C$10-$C$11))*(D20-$C$11))+$C$9),(IF(D20<=$D$10,(((($D$8-$D$9)/($D$10-$D$11))*(D20-$D$11))+$D$9),IF(D20<=$E$10,(((($E$8-$E$9)/($E$10-$E$11))*(D20-$E$11))+$E$9),IF(D20<=$F$10,(((($F$8-$F$9)/($F$10-$F$11))*(D20-$F$11))+$F$9),IF(D20<=$G$10,(((($G$8-$G$9)/($G$10-$G$11))*(D20-$G$11))+$G$9),((((($H$8-$H$9)/($H$10-$H$11))*(D20-$H$11))+$H$9)))))))) -> #VALUE! | I20: =C170 -> 43958.458 | J20: =IF(D170<=$C$10,(((($C$8-$C$9)/($C$10-$C$11))*(D170-$C$11))+$C$9),(IF(D170<=$D$10,(((($D$8-$D$9)/($D$10-$D$11))*(D170-$D$11))+$D$9),IF(D170<=$E$10,(((($E$8-$E$9)/($E$10-$E$11))*(D170-$E$11))+$E$9),IF(D170<=$F$10,(((($F$8-$F$9)/($F$10-$F$11))*(D170-$F$11))+$F$9),IF(D170<=$G$10,(((($G$8-$G$9)/($G$10-$G$11))*(D170-$G$11))+$G$9),((((($H$8-$H$9)/($H$10-$H$11))*(D170-$H$11))+$H$9)))))))) -> #VALUE! | K20: =C320 -> 43964.708 | L20: =IF(D320<=$C$10,(((($C$8-$C$9)/($C$10-$C$11))*(D320-$C$11))+$C$9),(IF(D320<=$D$10,(((($D$8-$D$9)/($D$10-$D$11))*(D320-$D$11))+$D$9),IF(D320<=$E$10,(((($E$8-$E$9)/($E$10-$E$11))*(D320-$E$11))+$E$9),IF(D320<=$F$10,(((($F$8-$F$9)/($F$10-$F$11))*(D320-$F$11))+$F$9),IF(D320<=$G$10,(((($G$8-$G$9)/($G$10-$G$11))*(D320-$G$11))+$G$9),((((($H$8-$H$9)/($H$10-$H$11))*(D320-$H$11))+$H$9)))))))) -> #VALUE! | M20: =C470 -> 43970.958 | N20: =IF(D470<=$C$10,(((($C$8-$C$9)/($C$10-$C$11))*(D470-$C$11))+$C$9),(IF(D470<=$D$10,(((($D$8-$D$9)/($D$10-$D$11))*(D470-$D$11))+$D$9),IF(D470<=$E$10,(((($E$8-$E$9)/($E$10-$E$11))*(D470-$E$11))+$E$9),IF(D470<=$F$10,(((($F$8-$F$9)/($F$10-$F$11))*(D470-$F$11))+$F$9),IF(D470<=$G$10,(((($G$8-$G$9)/($G$10-$G$11))*(D470-$G$11))+$G$9),((((($H$8-$H$9)/($H$10-$H$11))*(D470-$H$11))+$H$9)))))))) -> #VALUE! | O20: =C620 -> 43977.208 | P20: =IF(D620<=$C$10,(((($C$8-$C$9)/($C$10-$C$11))*(D620-$C$11))+$C$9),(IF(D620<=$D$10,(((($D$8-$D$9)/($D$10-$D$11))*(D620-$D$11))+$D$9),IF(D620<=$E$10,(((($E$8-$E$9)/($E$10-$E$11))*(D620-$E$11))+$E$9),IF(D620<=$F$10,(((($F$8-$F$9)/($F$10-$F$11))*(D620-$F$11))+$F$9),IF(D620<=$G$10,(((($G$8-$G$9)/($G$10-$G$11))*(D620-$G$11))+$G$9),((((($H$8-$H$9)/($H$10-$H$11))*(D620-$H$11))+$H$9)))))))) -> #VALUE! | W20: =+IF(H20<=50.99,$J$712,IF(H20<=100.99,$J$713,IF(H20<=150.99,$J$714,IF(H20<=200.99,$J$715,IF(H20<=300.99,$J$716,IF(H20>300,$J$717,IF(ISTEXT(H20),"Descartada"))))))) -> #VALUE!
C21: 43952.25 | D21: ='COMPARACIÓN 1H'!E14 -> - | G21: =C21 -> 43952.25 | H21: =IF(D21<=$C$10,(((($C$8-$C$9)/($C$10-$C$11))*(D21-$C$11))+$C$9),(IF(D21<=$D$10,(((($D$8-$D$9)/($D$10-$D$11))*(D21-$D$11))+$D$9),IF(D21<=$E$10,(((($E$8-$E$9)/($E$10-$E$11))*(D21-$E$11))+$E$9),IF(D21<=$F$10,(((($F$8-$F$9)/($F$10-$F$11))*(D21-$F$11))+$F$9),IF(D21<=$G$10,(((($G$8-$G$9)/($G$10-$G$11))*(D21-$G$11))+$G$9),((((($H$8-$H$9)/($H$10-$H$11))*(D21-$H$11))+$H$9)))))))) -> #VALUE! | I21: =C171 -> 43958.5 | J21: =IF(D171<=$C$10,(((($C$8-$C$9)/($C$10-$C$11))*(D171-$C$11))+$C$9),(IF(D171<=$D$10,(((($D$8-$D$9)/($D$10-$D$11))*(D171-$D$11))+$D$9),IF(D171<=$E$10,(((($E$8-$E$9)/($E$10-$E$11))*(D171-$E$11))+$E$9),IF(D171<=$F$10,(((($F$8-$F$9)/($F$10-$F$11))*(D171-$F$11))+$F$9),IF(D171<=$G$10,(((($G$8-$G$9)/($G$10-$G$11))*(D171-$G$11))+$G$9),((((($H$8-$H$9)/($H$10-$H$11))*(D171-$H$11))+$H$9)))))))) -> #VALUE! | K21: =C321 -> 43964.75 | L21: =IF(D321<=$C$10,(((($C$8-$C$9)/($C$10-$C$11))*(D321-$C$11))+$C$9),(IF(D321<=$D$10,(((($D$8-$D$9)/($D$10-$D$11))*(D321-$D$11))+$D$9),IF(D321<=$E$10,(((($E$8-$E$9)/($E$10-$E$11))*(D321-$E$11))+$E$9),IF(D321<=$F$10,(((($F$8-$F$9)/($F$10-$F$11))*(D321-$F$11))+$F$9),IF(D321<=$G$10,(((($G$8-$G$9)/($G$10-$G$11))*(D321-$G$11))+$G$9),((((($H$8-$H$9)/($H$10-$H$11))*(D321-$H$11))+$H$9)))))))) -> #VALUE! | M21: =C471 -> 43971 | N21: =IF(D471<=$C$10,(((($C$8-$C$9)/($C$10-$C$11))*(D471-$C$11))+$C$9),(IF(D471<=$D$10,(((($D$8-$D$9)/($D$10-$D$11))*(D471-$D$11))+$D$9),IF(D471<=$E$10,(((($E$8-$E$9)/($E$10-$E$11))*(D471-$E$11))+$E$9),IF(D471<=$F$10,(((($F$8-$F$9)/($F$10-$F$11))*(D471-$F$11))+$F$9),IF(D471<=$G$10,(((($G$8-$G$9)/($G$10-$G$11))*(D471-$G$11))+$G$9),((((($H$8-$H$9)/($H$10-$H$11))*(D471-$H$11))+$H$9)))))))) -> #VALUE! | O21: =C621 -> 43977.25 | P21: =IF(D621<=$C$10,(((($C$8-$C$9)/($C$10-$C$11))*(D621-$C$11))+$C$9),(IF(D621<=$D$10,(((($D$8-$D$9)/($D$10-$D$11))*(D621-$D$11))+$D$9),IF(D621<=$E$10,(((($E$8-$E$9)/($E$10-$E$11))*(D621-$E$11))+$E$9),IF(D621<=$F$10,(((($F$8-$F$9)/($F$10-$F$11))*(D621-$F$11))+$F$9),IF(D621<=$G$10,(((($G$8-$G$9)/($G$10-$G$11))*(D621-$G$11))+$G$9),((((($H$8-$H$9)/($H$10-$H$11))*(D621-$H$11))+$H$9)))))))) -> #VALUE! | W21: *
C22: 43952.292 | D22: ='COMPARACIÓN 1H'!E15 -> - | G22: =C22 -> 43952.292 | H22: =IF(D22<=$C$10,(((($C$8-$C$9)/($C$10-$C$11))*(D22-$C$11))+$C$9),(IF(D22<=$D$10,(((($D$8-$D$9)/($D$10-$D$11))*(D22-$D$11))+$D$9),IF(D22<=$E$10,(((($E$8-$E$9)/($E$10-$E$11))*(D22-$E$11))+$E$9),IF(D22<=$F$10,(((($F$8-$F$9)/($F$10-$F$11))*(D22-$F$11))+$F$9),IF(D22<=$G$10,(((($G$8-$G$9)/($G$10-$G$11))*(D22-$G$11))+$G$9),((((($H$8-$H$9)/($H$10-$H$11))*(D22-$H$11))+$H$9)))))))) -> #VALUE! | I22: =C172 -> 43958.542 | J22: =IF(D172<=$C$10,(((($C$8-$C$9)/($C$10-$C$11))*(D172-$C$11))+$C$9),(IF(D172<=$D$10,(((($D$8-$D$9)/($D$10-$D$11))*(D172-$D$11))+$D$9),IF(D172<=$E$10,(((($E$8-$E$9)/($E$10-$E$11))*(D172-$E$11))+$E$9),IF(D172<=$F$10,(((($F$8-$F$9)/($F$10-$F$11))*(D172-$F$11))+$F$9),IF(D172<=$G$10,(((($G$8-$G$9)/($G$10-$G$11))*(D172-$G$11))+$G$9),((((($H$8-$H$9)/($H$10-$H$11))*(D172-$H$11))+$H$9)))))))) -> #VALUE! | K22: =C322 -> 43964.792 | L22: =IF(D322<=$C$10,(((($C$8-$C$9)/($C$10-$C$11))*(D322-$C$11))+$C$9),(IF(D322<=$D$10,(((($D$8-$D$9)/($D$10-$D$11))*(D322-$D$11))+$D$9),IF(D322<=$E$10,(((($E$8-$E$9)/($E$10-$E$11))*(D322-$E$11))+$E$9),IF(D322<=$F$10,(((($F$8-$F$9)/($F$10-$F$11))*(D322-$F$11))+$F$9),IF(D322<=$G$10,(((($G$8-$G$9)/($G$10-$G$11))*(D322-$G$11))+$G$9),((((($H$8-$H$9)/($H$10-$H$11))*(D322-$H$11))+$H$9)))))))) -> #VALUE! | M22: =C472 -> 43971.042 | N22: =IF(D472<=$C$10,(((($C$8-$C$9)/($C$10-$C$11))*(D472-$C$11))+$C$9),(IF(D472<=$D$10,(((($D$8-$D$9)/($D$10-$D$11))*(D472-$D$11))+$D$9),IF(D472<=$E$10,(((($E$8-$E$9)/($E$10-$E$11))*(D472-$E$11))+$E$9),IF(D472<=$F$10,(((($F$8-$F$9)/($F$10-$F$11))*(D472-$F$11))+$F$9),IF(D472<=$G$10,(((($G$8-$G$9)/($G$10-$G$11))*(D472-$G$11))+$G$9),((((($H$8-$H$9)/($H$10-$H$11))*(D472-$H$11))+$H$9)))))))) -> #VALUE! | O22: =C622 -> 43977.292 | P22: =IF(D622<=$C$10,(((($C$8-$C$9)/($C$10-$C$11))*(D622-$C$11))+$C$9),(IF(D622<=$D$10,(((($D$8-$D$9)/($D$10-$D$11))*(D622-$D$11))+$D$9),IF(D622<=$E$10,(((($E$8-$E$9)/($E$10-$E$11))*(D622-$E$11))+$E$9),IF(D622<=$F$10,(((($F$8-$F$9)/($F$10-$F$11))*(D622-$F$11))+$F$9),IF(D622<=$G$10,(((($G$8-$G$9)/($G$10-$G$11))*(D622-$G$11))+$G$9),((((($H$8-$H$9)/($H$10-$H$11))*(D622-$H$11))+$H$9)))))))) -> #VALUE! | W22: =+IF(H22<=50.99,$J$712,IF(H22<=100.99,$J$713,IF(H22<=150.99,$J$714,IF(H22<=200.99,$J$715,IF(H22<=300.99,$J$716,IF(H22>300,$J$717,IF(ISTEXT(H22),"Descartada"))))))) -> #VALUE!
C23: 43952.333 | D23: ='COMPARACIÓN 1H'!E16 -> - | G23: =C23 -> 43952.333 | H23: =IF(D23<=$C$10,(((($C$8-$C$9)/($C$10-$C$11))*(D23-$C$11))+$C$9),(IF(D23<=$D$10,(((($D$8-$D$9)/($D$10-$D$11))*(D23-$D$11))+$D$9),IF(D23<=$E$10,(((($E$8-$E$9)/($E$10-$E$11))*(D23-$E$11))+$E$9),IF(D23<=$F$10,(((($F$8-$F$9)/($F$10-$F$11))*(D23-$F$11))+$F$9),IF(D23<=$G$10,(((($G$8-$G$9)/($G$10-$G$11))*(D23-$G$11))+$G$9),((((($H$8-$H$9)/($H$10-$H$11))*(D23-$H$11))+$H$9)))))))) -> #VALUE! | I23: =C173 -> 43958.583 | J23: =IF(D173<=$C$10,(((($C$8-$C$9)/($C$10-$C$11))*(D173-$C$11))+$C$9),(IF(D173<=$D$10,(((($D$8-$D$9)/($D$10-$D$11))*(D173-$D$11))+$D$9),IF(D173<=$E$10,(((($E$8-$E$9)/($E$10-$E$11))*(D173-$E$11))+$E$9),IF(D173<=$F$10,(((($F$8-$F$9)/($F$10-$F$11))*(D173-$F$11))+$F$9),IF(D173<=$G$10,(((($G$8-$G$9)/($G$10-$G$11))*(D173-$G$11))+$G$9),((((($H$8-$H$9)/($H$10-$H$11))*(D173-$H$11))+$H$9)))))))) -> #VALUE! | K23: =C323 -> 43964.833 | L23: =IF(D323<=$C$10,(((($C$8-$C$9)/($C$10-$C$11))*(D323-$C$11))+$C$9),(IF(D323<=$D$10,(((($D$8-$D$9)/($D$10-$D$11))*(D323-$D$11))+$D$9),IF(D323<=$E$10,(((($E$8-$E$9)/($E$10-$E$11))*(D323-$E$11))+$E$9),IF(D323<=$F$10,(((($F$8-$F$9)/($F$10-$F$11))*(D323-$F$11))+$F$9),IF(D323<=$G$10,(((($G$8-$G$9)/($G$10-$G$11))*(D323-$G$11))+$G$9),((((($H$8-$H$9)/($H$10-$H$11))*(D323-$H$11))+$H$9)))))))) -> #VALUE! | M23: =C473 -> 43971.083 | N23: =IF(D473<=$C$10,(((($C$8-$C$9)/($C$10-$C$11))*(D473-$C$11))+$C$9),(IF(D473<=$D$10,(((($D$8-$D$9)/($D$10-$D$11))*(D473-$D$11))+$D$9),IF(D473<=$E$10,(((($E$8-$E$9)/($E$10-$E$11))*(D473-$E$11))+$E$9),IF(D473<=$F$10,(((($F$8-$F$9)/($F$10-$F$11))*(D473-$F$11))+$F$9),IF(D473<=$G$10,(((($G$8-$G$9)/($G$10-$G$11))*(D473-$G$11))+$G$9),((((($H$8-$H$9)/($H$10-$H$11))*(D473-$H$11))+$H$9)))))))) -> #VALUE! | O23: =C623 -> 43977.333 | P23: =IF(D623<=$C$10,(((($C$8-$C$9)/($C$10-$C$11))*(D623-$C$11))+$C$9),(IF(D623<=$D$10,(((($D$8-$D$9)/($D$10-$D$11))*(D623-$D$11))+$D$9),IF(D623<=$E$10,(((($E$8-$E$9)/($E$10-$E$11))*(D623-$E$11))+$E$9),IF(D623<=$F$10,(((($F$8-$F$9)/($F$10-$F$11))*(D623-$F$11))+$F$9),IF(D623<=$G$10,(((($G$8-$G$9)/($G$10-$G$11))*(D623-$G$11))+$G$9),((((($H$8-$H$9)/($H$10-$H$11))*(D623-$H$11))+$H$9)))))))) -> #VALUE! | W23: =+IF(H23<=50.99,$J$712,IF(H23<=100.99,$J$713,IF(H23<=150.99,$J$714,IF(H23<=200.99,$J$715,IF(H23<=300.99,$J$716,IF(H23>300,$J$717,IF(ISTEXT(H23),"Descartada"))))))) -> #VALUE!
C24: 43952.375 | D24: ='COMPARACIÓN 1H'!E17 -> - | G24: =C24 -> 43952.375 | H24: =IF(D24<=$C$10,(((($C$8-$C$9)/($C$10-$C$11))*(D24-$C$11))+$C$9),(IF(D24<=$D$10,(((($D$8-$D$9)/($D$10-$D$11))*(D24-$D$11))+$D$9),IF(D24<=$E$10,(((($E$8-$E$9)/($E$10-$E$11))*(D24-$E$11))+$E$9),IF(D24<=$F$10,(((($F$8-$F$9)/($F$10-$F$11))*(D24-$F$11))+$F$9),IF(D24<=$G$10,(((($G$8-$G$9)/($G$10-$G$11))*(D24-$G$11))+$G$9),((((($H$8-$H$9)/($H$10-$H$11))*(D24-$H$11))+$H$9)))))))) -> #VALUE! | I24: =C174 -> 43958.625 | J24: =IF(D174<=$C$10,(((($C$8-$C$9)/($C$10-$C$11))*(D174-$C$11))+$C$9),(IF(D174<=$D$10,(((($D$8-$D$9)/($D$10-$D$11))*(D174-$D$11))+$D$9),IF(D174<=$E$10,(((($E$8-$E$9)/($E$10-$E$11))*(D174-$E$11))+$E$9),IF(D174<=$F$10,(((($F$8-$F$9)/($F$10-$F$11))*(D174-$F$11))+$F$9),IF(D174<=$G$10,(((($G$8-$G$9)/($G$10-$G$11))*(D174-$G$11))+$G$9),((((($H$8-$H$9)/($H$10-$H$11))*(D174-$H$11))+$H$9)))))))) -> #VALUE! | K24: =C324 -> 43964.875 | L24: =IF(D324<=$C$10,(((($C$8-$C$9)/($C$10-$C$11))*(D324-$C$11))+$C$9),(IF(D324<=$D$10,(((($D$8-$D$9)/($D$10-$D$11))*(D324-$D$11))+$D$9),IF(D324<=$E$10,(((($E$8-$E$9)/($E$10-$E$11))*(D324-$E$11))+$E$9),IF(D324<=$F$10,(((($F$8-$F$9)/($F$10-$F$11))*(D324-$F$11))+$F$9),IF(D324<=$G$10,(((($G$8-$G$9)/($G$10-$G$11))*(D324-$G$11))+$G$9),((((($H$8-$H$9)/($H$10-$H$11))*(D324-$H$11))+$H$9)))))))) -> #VALUE! | M24: =C474 -> 43971.125 | N24: =IF(D474<=$C$10,(((($C$8-$C$9)/($C$10-$C$11))*(D474-$C$11))+$C$9),(IF(D474<=$D$10,(((($D$8-$D$9)/($D$10-$D$11))*(D474-$D$11))+$D$9),IF(D474<=$E$10,(((($E$8-$E$9)/($E$10-$E$11))*(D474-$E$11))+$E$9),IF(D474<=$F$10,(((($F$8-$F$9)/($F$10-$F$11))*(D474-$F$11))+$F$9),IF(D474<=$G$10,(((($G$8-$G$9)/($G$10-$G$11))*(D474-$G$11))+$G$9),((((($H$8-$H$9)/($H$10-$H$11))*(D474-$H$11))+$H$9)))))))) -> #VALUE! | O24: =C624 -> 43977.375 | P24: =IF(D624<=$C$10,(((($C$8-$C$9)/($C$10-$C$11))*(D624-$C$11))+$C$9),(IF(D624<=$D$10,(((($D$8-$D$9)/($D$10-$D$11))*(D624-$D$11))+$D$9),IF(D624<=$E$10,(((($E$8-$E$9)/($E$10-$E$11))*(D624-$E$11))+$E$9),IF(D624<=$F$10,(((($F$8-$F$9)/($F$10-$F$11))*(D624-$F$11))+$F$9),IF(D624<=$G$10,(((($G$8-$G$9)/($G$10-$G$11))*(D624-$G$11))+$G$9),((((($H$8-$H$9)/($H$10-$H$11))*(D624-$H$11))+$H$9)))))))) -> #VALUE! | W24: =+IF(H24<=50.99,$J$712,IF(H24<=100.99,$J$713,IF(H24<=150.99,$J$714,IF(H24<=200.99,$J$715,IF(H24<=300.99,$J$716,IF(H24>300,$J$717,IF(ISTEXT(H24),"Descartada"))))))) -> #VALUE!
C25: 43952.417 | D25: ='COMPARACIÓN 1H'!E18 -> - | G25: =C25 -> 43952.417 | H25: =IF(D25<=$C$10,(((($C$8-$C$9)/($C$10-$C$11))*(D25-$C$11))+$C$9),(IF(D25<=$D$10,(((($D$8-$D$9)/($D$10-$D$11))*(D25-$D$11))+$D$9),IF(D25<=$E$10,(((($E$8-$E$9)/($E$10-$E$11))*(D25-$E$11))+$E$9),IF(D25<=$F$10,(((($F$8-$F$9)/($F$10-$F$11))*(D25-$F$11))+$F$9),IF(D25<=$G$10,(((($G$8-$G$9)/($G$10-$G$11))*(D25-$G$11))+$G$9),((((($H$8-$H$9)/($H$10-$H$11))*(D25-$H$11))+$H$9)))))))) -> #VALUE! | I25: =C175 -> 43958.667 | J25: =IF(D175<=$C$10,(((($C$8-$C$9)/($C$10-$C$11))*(D175-$C$11))+$C$9),(IF(D175<=$D$10,(((($D$8-$D$9)/($D$10-$D$11))*(D175-$D$11))+$D$9),IF(D175<=$E$10,(((($E$8-$E$9)/($E$10-$E$11))*(D175-$E$11))+$E$9),IF(D175<=$F$10,(((($F$8-$F$9)/($F$10-$F$11))*(D175-$F$11))+$F$9),IF(D175<=$G$10,(((($G$8-$G$9)/($G$10-$G$11))*(D175-$G$11))+$G$9),((((($H$8-$H$9)/($H$10-$H$11))*(D175-$H$11))+$H$9)))))))) -> #VALUE! | K25: =C325 -> 43964.917 | L25: =IF(D325<=$C$10,(((($C$8-$C$9)/($C$10-$C$11))*(D325-$C$11))+$C$9),(IF(D325<=$D$10,(((($D$8-$D$9)/($D$10-$D$11))*(D325-$D$11))+$D$9),IF(D325<=$E$10,(((($E$8-$E$9)/($E$10-$E$11))*(D325-$E$11))+$E$9),IF(D325<=$F$10,(((($F$8-$F$9)/($F$10-$F$11))*(D325-$F$11))+$F$9),IF(D325<=$G$10,(((($G$8-$G$9)/($G$10-$G$11))*(D325-$G$11))+$G$9),((((($H$8-$H$9)/($H$10-$H$11))*(D325-$H$11))+$H$9)))))))) -> #VALUE! | M25: =C475 -> 43971.167 | N25: =IF(D475<=$C$10,(((($C$8-$C$9)/($C$10-$C$11))*(D475-$C$11))+$C$9),(IF(D475<=$D$10,(((($D$8-$D$9)/($D$10-$D$11))*(D475-$D$11))+$D$9),IF(D475<=$E$10,(((($E$8-$E$9)/($E$10-$E$11))*(D475-$E$11))+$E$9),IF(D475<=$F$10,(((($F$8-$F$9)/($F$10-$F$11))*(D475-$F$11))+$F$9),IF(D475<=$G$10,(((($G$8-$G$9)/($G$10-$G$11))*(D475-$G$11))+$G$9),((((($H$8-$H$9)/($H$10-$H$11))*(D475-$H$11))+$H$9)))))))) -> #VALUE! | O25: =C625 -> 43977.417 | P25: =IF(D625<=$C$10,(((($C$8-$C$9)/($C$10-$C$11))*(D625-$C$11))+$C$9),(IF(D625<=$D$10,(((($D$8-$D$9)/($D$10-$D$11))*(D625-$D$11))+$D$9),IF(D625<=$E$10,(((($E$8-$E$9)/($E$10-$E$11))*(D625-$E$11))+$E$9),IF(D625<=$F$10,(((($F$8-$F$9)/($F$10-$F$11))*(D625-$F$11))+$F$9),IF(D625<=$G$10,(((($G$8-$G$9)/($G$10-$G$11))*(D625-$G$11))+$G$9),((((($H$8-$H$9)/($H$10-$H$11))*(D625-$H$11))+$H$9)))))))) -> #VALUE! | W25: =+IF(H25<=50.99,$J$712,IF(H25<=100.99,$J$713,IF(H25<=150.99,$J$714,IF(H25<=200.99,$J$715,IF(H25<=300.99,$J$716,IF(H25>300,$J$717,IF(ISTEXT(H25),"Descartada"))))))) -> #VALUE!
C26: 43952.458 | D26: ='COMPARACIÓN 1H'!E19 -> - | G26: =C26 -> 43952.458 | H26: =IF(D26<=$C$10,(((($C$8-$C$9)/($C$10-$C$11))*(D26-$C$11))+$C$9),(IF(D26<=$D$10,(((($D$8-$D$9)/($D$10-$D$11))*(D26-$D$11))+$D$9),IF(D26<=$E$10,(((($E$8-$E$9)/($E$10-$E$11))*(D26-$E$11))+$E$9),IF(D26<=$F$10,(((($F$8-$F$9)/($F$10-$F$11))*(D26-$F$11))+$F$9),IF(D26<=$G$10,(((($G$8-$G$9)/($G$10-$G$11))*(D26-$G$11))+$G$9),((((($H$8-$H$9)/($H$10-$H$11))*(D26-$H$11))+$H$9)))))))) -> #VALUE! | I26: =C176 -> 43958.708 | J26: =IF(D176<=$C$10,(((($C$8-$C$9)/($C$10-$C$11))*(D176-$C$11))+$C$9),(IF(D176<=$D$10,(((($D$8-$D$9)/($D$10-$D$11))*(D176-$D$11))+$D$9),IF(D176<=$E$10,(((($E$8-$E$9)/($E$10-$E$11))*(D176-$E$11))+$E$9),IF(D176<=$F$10,(((($F$8-$F$9)/($F$10-$F$11))*(D176-$F$11))+$F$9),IF(D176<=$G$10,(((($G$8-$G$9)/($G$10-$G$11))*(D176-$G$11))+$G$9),((((($H$8-$H$9)/($H$10-$H$11))*(D176-$H$11))+$H$9)))))))) -> #VALUE! | K26: =C326 -> 43964.958 | L26: =IF(D326<=$C$10,(((($C$8-$C$9)/($C$10-$C$11))*(D326-$C$11))+$C$9),(IF(D326<=$D$10,(((($D$8-$D$9)/($D$10-$D$11))*(D326-$D$11))+$D$9),IF(D326<=$E$10,(((($E$8-$E$9)/($E$10-$E$11))*(D326-$E$11))+$E$9),IF(D326<=$F$10,(((($F$8-$F$9)/($F$10-$F$11))*(D326-$F$11))+$F$9),IF(D326<=$G$10,(((($G$8-$G$9)/($G$10-$G$11))*(D326-$G$11))+$G$9),((((($H$8-$H$9)/($H$10-$H$11))*(D326-$H$11))+$H$9)))))))) -> #VALUE! | M26: =C476 -> 43971.208 | N26: =IF(D476<=$C$10,(((($C$8-$C$9)/($C$10-$C$11))*(D476-$C$11))+$C$9),(IF(D476<=$D$10,(((($D$8-$D$9)/($D$10-$D$11))*(D476-$D$11))+$D$9),IF(D476<=$E$10,(((($E$8-$E$9)/($E$10-$E$11))*(D476-$E$11))+$E$9),IF(D476<=$F$10,(((($F$8-$F$9)/($F$10-$F$11))*(D476-$F$11))+$F$9),IF(D476<=$G$10,(((($G$8-$G$9)/($G$10-$G$11))*(D476-$G$11))+$G$9),((((($H$8-$H$9)/($H$10-$H$11))*(D476-$H$11))+$H$9)))))))) -> #VALUE! | O26: =C626 -> 43977.458 | P26: =IF(D626<=$C$10,(((($C$8-$C$9)/($C$10-$C$11))*(D626-$C$11))+$C$9),(IF(D626<=$D$10,(((($D$8-$D$9)/($D$10-$D$11))*(D626-$D$11))+$D$9),IF(D626<=$E$10,(((($E$8-$E$9)/($E$10-$E$11))*(D626-$E$11))+$E$9),IF(D626<=$F$10,(((($F$8-$F$9)/($F$10-$F$11))*(D626-$F$11))+$F$9),IF(D626<=$G$10,(((($G$8-$G$9)/($G$10-$G$11))*(D626-$G$11))+$G$9),((((($H$8-$H$9)/($H$10-$H$11))*(D626-$H$11))+$H$9)))))))) -> #VALUE! | W26: =+IF(H26<=50.99,$J$712,IF(H26<=100.99,$J$713,IF(H26<=150.99,$J$714,IF(H26<=200.99,$J$715,IF(H26<=300.99,$J$716,IF(H26>300,$J$717,IF(ISTEXT(H26),"Descartada"))))))) -> #VALUE!
C27: 43952.5 | D27: ='COMPARACIÓN 1H'!E20 -> - | G27: =C27 -> 43952.5 | H27: =IF(D27<=$C$10,(((($C$8-$C$9)/($C$10-$C$11))*(D27-$C$11))+$C$9),(IF(D27<=$D$10,(((($D$8-$D$9)/($D$10-$D$11))*(D27-$D$11))+$D$9),IF(D27<=$E$10,(((($E$8-$E$9)/($E$10-$E$11))*(D27-$E$11))+$E$9),IF(D27<=$F$10,(((($F$8-$F$9)/($F$10-$F$11))*(D27-$F$11))+$F$9),IF(D27<=$G$10,(((($G$8-$G$9)/($G$10-$G$11))*(D27-$G$11))+$G$9),((((($H$8-$H$9)/($H$10-$H$11))*(D27-$H$11))+$H$9)))))))) -> #VALUE! | I27: =C177 -> 43958.75 | J27: =IF(D177<=$C$10,(((($C$8-$C$9)/($C$10-$C$11))*(D177-$C$11))+$C$9),(IF(D177<=$D$10,(((($D$8-$D$9)/($D$10-$D$11))*(D177-$D$11))+$D$9),IF(D177<=$E$10,(((($E$8-$E$9)/($E$10-$E$11))*(D177-$E$11))+$E$9),IF(D177<=$F$10,(((($F$8-$F$9)/($F$10-$F$11))*(D177-$F$11))+$F$9),IF(D177<=$G$10,(((($G$8-$G$9)/($G$10-$G$11))*(D177-$G$11))+$G$9),((((($H$8-$H$9)/($H$10-$H$11))*(D177-$H$11))+$H$9)))))))) -> #VALUE! | K27: =C327 -> 43965 | L27: =IF(D327<=$C$10,(((($C$8-$C$9)/($C$10-$C$11))*(D327-$C$11))+$C$9),(IF(D327<=$D$10,(((($D$8-$D$9)/($D$10-$D$11))*(D327-$D$11))+$D$9),IF(D327<=$E$10,(((($E$8-$E$9)/($E$10-$E$11))*(D327-$E$11))+$E$9),IF(D327<=$F$10,(((($F$8-$F$9)/($F$10-$F$11))*(D327-$F$11))+$F$9),IF(D327<=$G$10,(((($G$8-$G$9)/($G$10-$G$11))*(D327-$G$11))+$G$9),((((($H$8-$H$9)/($H$10-$H$11))*(D327-$H$11))+$H$9)))))))) -> #VALUE! | M27: =C477 -> 43971.25 | N27: =IF(D477<=$C$10,(((($C$8-$C$9)/($C$10-$C$11))*(D477-$C$11))+$C$9),(IF(D477<=$D$10,(((($D$8-$D$9)/($D$10-$D$11))*(D477-$D$11))+$D$9),IF(D477<=$E$10,(((($E$8-$E$9)/($E$10-$E$11))*(D477-$E$11))+$E$9),IF(D477<=$F$10,(((($F$8-$F$9)/($F$10-$F$11))*(D477-$F$11))+$F$9),IF(D477<=$G$10,(((($G$8-$G$9)/($G$10-$G$11))*(D477-$G$11))+$G$9),((((($H$8-$H$9)/($H$10-$H$11))*(D477-$H$11))+$H$9)))))))) -> #VALUE! | O27: =C627 -> 43977.5 | P27: =IF(D627<=$C$10,(((($C$8-$C$9)/($C$10-$C$11))*(D627-$C$11))+$C$9),(IF(D627<=$D$10,(((($D$8-$D$9)/($D$10-$D$11))*(D627-$D$11))+$D$9),IF(D627<=$E$10,(((($E$8-$E$9)/($E$10-$E$11))*(D627-$E$11))+$E$9),IF(D627<=$F$10,(((($F$8-$F$9)/($F$10-$F$11))*(D627-$F$11))+$F$9),IF(D627<=$G$10,(((($G$8-$G$9)/($G$10-$G$11))*(D627-$G$11))+$G$9),((((($H$8-$H$9)/($H$10-$H$11))*(D627-$H$11))+$H$9)))))))) -> #VALUE! | W27: =+IF(H27<=50.99,$J$712,IF(H27<=100.99,$J$713,IF(H27<=150.99,$J$714,IF(H27<=200.99,$J$715,IF(H27<=300.99,$J$716,IF(H27>300,$J$717,IF(ISTEXT(H27),"Descartada"))))))) -> #VALUE!
C28: 43952.542 | D28: ='COMPARACIÓN 1H'!E21 -> - | G28: =C28 -> 43952.542 | H28: =IF(D28<=$C$10,(((($C$8-$C$9)/($C$10-$C$11))*(D28-$C$11))+$C$9),(IF(D28<=$D$10,(((($D$8-$D$9)/($D$10-$D$11))*(D28-$D$11))+$D$9),IF(D28<=$E$10,(((($E$8-$E$9)/($E$10-$E$11))*(D28-$E$11))+$E$9),IF(D28<=$F$10,(((($F$8-$F$9)/($F$10-$F$11))*(D28-$F$11))+$F$9),IF(D28<=$G$10,(((($G$8-$G$9)/($G$10-$G$11))*(D28-$G$11))+$G$9),((((($H$8-$H$9)/($H$10-$H$11))*(D28-$H$11))+$H$9)))))))) -> #VALUE! | I28: =C178 -> 43958.792 | J28: =IF(D178<=$C$10,(((($C$8-$C$9)/($C$10-$C$11))*(D178-$C$11))+$C$9),(IF(D178<=$D$10,(((($D$8-$D$9)/($D$10-$D$11))*(D178-$D$11))+$D$9),IF(D178<=$E$10,(((($E$8-$E$9)/($E$10-$E$11))*(D178-$E$11))+$E$9),IF(D178<=$F$10,(((($F$8-$F$9)/($F$10-$F$11))*(D178-$F$11))+$F$9),IF(D178<=$G$10,(((($G$8-$G$9)/($G$10-$G$11))*(D178-$G$11))+$G$9),((((($H$8-$H$9)/($H$10-$H$11))*(D178-$H$11))+$H$9)))))))) -> #VALUE! | K28: =C328 -> 43965.042 | L28: =IF(D328<=$C$10,(((($C$8-$C$9)/($C$10-$C$11))*(D328-$C$11))+$C$9),(IF(D328<=$D$10,(((($D$8-$D$9)/($D$10-$D$11))*(D328-$D$11))+$D$9),IF(D328<=$E$10,(((($E$8-$E$9)/($E$10-$E$11))*(D328-$E$11))+$E$9),IF(D328<=$F$10,(((($F$8-$F$9)/($F$10-$F$11))*(D328-$F$11))+$F$9),IF(D328<=$G$10,(((($G$8-$G$9)/($G$10-$G$11))*(D328-$G$11))+$G$9),((((($H$8-$H$9)/($H$10-$H$11))*(D328-$H$11))+$H$9)))))))) -> #VALUE! | M28: =C478 -> 43971.292 | N28: =IF(D478<=$C$10,(((($C$8-$C$9)/($C$10-$C$11))*(D478-$C$11))+$C$9),(IF(D478<=$D$10,(((($D$8-$D$9)/($D$10-$D$11))*(D478-$D$11))+$D$9),IF(D478<=$E$10,(((($E$8-$E$9)/($E$10-$E$11))*(D478-$E$11))+$E$9),IF(D478<=$F$10,(((($F$8-$F$9)/($F$10-$F$11))*(D478-$F$11))+$F$9),IF(D478<=$G$10,(((($G$8-$G$9)/($G$10-$G$11))*(D478-$G$11))+$G$9),((((($H$8-$H$9)/($H$10-$H$11))*(D478-$H$11))+$H$9)))))))) -> #VALUE! | O28: =C628 -> 43977.542 | P28: =IF(D628<=$C$10,(((($C$8-$C$9)/($C$10-$C$11))*(D628-$C$11))+$C$9),(IF(D628<=$D$10,(((($D$8-$D$9)/($D$10-$D$11))*(D628-$D$11))+$D$9),IF(D628<=$E$10,(((($E$8-$E$9)/($E$10-$E$11))*(D628-$E$11))+$E$9),IF(D628<=$F$10,(((($F$8-$F$9)/($F$10-$F$11))*(D628-$F$11))+$F$9),IF(D628<=$G$10,(((($G$8-$G$9)/($G$10-$G$11))*(D628-$G$11))+$G$9),((((($H$8-$H$9)/($H$10-$H$11))*(D628-$H$11))+$H$9)))))))) -> #VALUE! | W28: =+IF(H28<=50.99,$J$712,IF(H28<=100.99,$J$713,IF(H28<=150.99,$J$714,IF(H28<=200.99,$J$715,IF(H28<=300.99,$J$716,IF(H28>300,$J$717,IF(ISTEXT(H28),"Descartada"))))))) -> #VALUE!
C29: 43952.583 | D29: ='COMPARACIÓN 1H'!E22 -> - | G29: =C29 -> 43952.583 | H29: =IF(D29<=$C$10,(((($C$8-$C$9)/($C$10-$C$11))*(D29-$C$11))+$C$9),(IF(D29<=$D$10,(((($D$8-$D$9)/($D$10-$D$11))*(D29-$D$11))+$D$9),IF(D29<=$E$10,(((($E$8-$E$9)/($E$10-$E$11))*(D29-$E$11))+$E$9),IF(D29<=$F$10,(((($F$8-$F$9)/($F$10-$F$11))*(D29-$F$11))+$F$9),IF(D29<=$G$10,(((($G$8-$G$9)/($G$10-$G$11))*(D29-$G$11))+$G$9),((((($H$8-$H$9)/($H$10-$H$11))*(D29-$H$11))+$H$9)))))))) -> #VALUE! | I29: =C179 -> 43958.833 | J29: =IF(D179<=$C$10,(((($C$8-$C$9)/($C$10-$C$11))*(D179-$C$11))+$C$9),(IF(D179<=$D$10,(((($D$8-$D$9)/($D$10-$D$11))*(D179-$D$11))+$D$9),IF(D179<=$E$10,(((($E$8-$E$9)/($E$10-$E$11))*(D179-$E$11))+$E$9),IF(D179<=$F$10,(((($F$8-$F$9)/($F$10-$F$11))*(D179-$F$11))+$F$9),IF(D179<=$G$10,(((($G$8-$G$9)/($G$10-$G$11))*(D179-$G$11))+$G$9),((((($H$8-$H$9)/($H$10-$H$11))*(D179-$H$11))+$H$9)))))))) -> #VALUE! | K29: =C329 -> 43965.083 | L29: =IF(D329<=$C$10,(((($C$8-$C$9)/($C$10-$C$11))*(D329-$C$11))+$C$9),(IF(D329<=$D$10,(((($D$8-$D$9)/($D$10-$D$11))*(D329-$D$11))+$D$9),IF(D329<=$E$10,(((($E$8-$E$9)/($E$10-$E$11))*(D329-$E$11))+$E$9),IF(D329<=$F$10,(((($F$8-$F$9)/($F$10-$F$11))*(D329-$F$11))+$F$9),IF(D329<=$G$10,(((($G$8-$G$9)/($G$10-$G$11))*(D329-$G$11))+$G$9),((((($H$8-$H$9)/($H$10-$H$11))*(D329-$H$11))+$H$9)))))))) -> #VALUE! | M29: =C479 -> 43971.333 | N29: =IF(D479<=$C$10,(((($C$8-$C$9)/($C$10-$C$11))*(D479-$C$11))+$C$9),(IF(D479<=$D$10,(((($D$8-$D$9)/($D$10-$D$11))*(D479-$D$11))+$D$9),IF(D479<=$E$10,(((($E$8-$E$9)/($E$10-$E$11))*(D479-$E$11))+$E$9),IF(D479<=$F$10,(((($F$8-$F$9)/($F$10-$F$11))*(D479-$F$11))+$F$9),IF(D479<=$G$10,(((($G$8-$G$9)/($G$10-$G$11))*(D479-$G$11))+$G$9),((((($H$8-$H$9)/($H$10-$H$11))*(D479-$H$11))+$H$9)))))))) -> #VALUE! | O29: =C629 -> 43977.583 | P29: =IF(D629<=$C$10,(((($C$8-$C$9)/($C$10-$C$11))*(D629-$C$11))+$C$9),(IF(D629<=$D$10,(((($D$8-$D$9)/($D$10-$D$11))*(D629-$D$11))+$D$9),IF(D629<=$E$10,(((($E$8-$E$9)/($E$10-$E$11))*(D629-$E$11))+$E$9),IF(D629<=$F$10,(((($F$8-$F$9)/($F$10-$F$11))*(D629-$F$11))+$F$9),IF(D629<=$G$10,(((($G$8-$G$9)/($G$10-$G$11))*(D629-$G$11))+$G$9),((((($H$8-$H$9)/($H$10-$H$11))*(D629-$H$11))+$H$9)))))))) -> #VALUE! | W29: =+IF(H29<=50.99,$J$712,IF(H29<=100.99,$J$713,IF(H29<=150.99,$J$714,IF(H29<=200.99,$J$715,IF(H29<=300.99,$J$716,IF(H29>300,$J$717,IF(ISTEXT(H29),"Descartada"))))))) -> #VALUE!
C30: 43952.625 | D30: ='COMPARACIÓN 1H'!E23 -> - | G30: =C30 -> 43952.625 | H30: =IF(D30<=$C$10,(((($C$8-$C$9)/($C$10-$C$11))*(D30-$C$11))+$C$9),(IF(D30<=$D$10,(((($D$8-$D$9)/($D$10-$D$11))*(D30-$D$11))+$D$9),IF(D30<=$E$10,(((($E$8-$E$9)/($E$10-$E$11))*(D30-$E$11))+$E$9),IF(D30<=$F$10,(((($F$8-$F$9)/($F$10-$F$11))*(D30-$F$11))+$F$9),IF(D30<=$G$10,(((($G$8-$G$9)/($G$10-$G$11))*(D30-$G$11))+$G$9),((((($H$8-$H$9)/($H$10-$H$11))*(D30-$H$11))+$H$9)))))))) -> #VALUE! | I30: =C180 -> 43958.875 | J30: =IF(D180<=$C$10,(((($C$8-$C$9)/($C$10-$C$11))*(D180-$C$11))+$C$9),(IF(D180<=$D$10,(((($D$8-$D$9)/($D$10-$D$11))*(D180-$D$11))+$D$9),IF(D180<=$E$10,(((($E$8-$E$9)/($E$10-$E$11))*(D180-$E$11))+$E$9),IF(D180<=$F$10,(((($F$8-$F$9)/($F$10-$F$11))*(D180-$F$11))+$F$9),IF(D180<=$G$10,(((($G$8-$G$9)/($G$10-$G$11))*(D180-$G$11))+$G$9),((((($H$8-$H$9)/($H$10-$H$11))*(D180-$H$11))+$H$9)))))))) -> #VALUE! | K30: =C330 -> 43965.125 | L30: =IF(D330<=$C$10,(((($C$8-$C$9)/($C$10-$C$11))*(D330-$C$11))+$C$9),(IF(D330<=$D$10,(((($D$8-$D$9)/($D$10-$D$11))*(D330-$D$11))+$D$9),IF(D330<=$E$10,(((($E$8-$E$9)/($E$10-$E$11))*(D330-$E$11))+$E$9),IF(D330<=$F$10,(((($F$8-$F$9)/($F$10-$F$11))*(D330-$F$11))+$F$9),IF(D330<=$G$10,(((($G$8-$G$9)/($G$10-$G$11))*(D330-$G$11))+$G$9),((((($H$8-$H$9)/($H$10-$H$11))*(D330-$H$11))+$H$9)))))))) -> #VALUE! | M30: =C480 -> 43971.375 | N30: =IF(D480<=$C$10,(((($C$8-$C$9)/($C$10-$C$11))*(D480-$C$11))+$C$9),(IF(D480<=$D$10,(((($D$8-$D$9)/($D$10-$D$11))*(D480-$D$11))+$D$9),IF(D480<=$E$10,(((($E$8-$E$9)/($E$10-$E$11))*(D480-$E$11))+$E$9),IF(D480<=$F$10,(((($F$8-$F$9)/($F$10-$F$11))*(D480-$F$11))+$F$9),IF(D480<=$G$10,(((($G$8-$G$9)/($G$10-$G$11))*(D480-$G$11))+$G$9),((((($H$8-$H$9)/($H$10-$H$11))*(D480-$H$11))+$H$9)))))))) -> #VALUE! | O30: =C630 -> 43977.625 | P30: =IF(D630<=$C$10,(((($C$8-$C$9)/($C$10-$C$11))*(D630-$C$11))+$C$9),(IF(D630<=$D$10,(((($D$8-$D$9)/($D$10-$D$11))*(D630-$D$11))+$D$9),IF(D630<=$E$10,(((($E$8-$E$9)/($E$10-$E$11))*(D630-$E$11))+$E$9),IF(D630<=$F$10,(((($F$8-$F$9)/($F$10-$F$11))*(D630-$F$11))+$F$9),IF(D630<=$G$10,(((($G$8-$G$9)/($G$10-$G$11))*(D630-$G$11))+$G$9),((((($H$8-$H$9)/($H$10-$H$11))*(D630-$H$11))+$H$9)))))))) -> #VALUE! | W30: =+IF(H30<=50.99,$J$712,IF(H30<=100.99,$J$713,IF(H30<=150.99,$J$714,IF(H30<=200.99,$J$715,IF(H30<=300.99,$J$716,IF(H30>300,$J$717,IF(ISTEXT(H30),"Descartada"))))))) -> #VALUE!
C31: 43952.667 | D31: ='COMPARACIÓN 1H'!E24 -> - | G31: =C31 -> 43952.667 | H31: =IF(D31<=$C$10,(((($C$8-$C$9)/($C$10-$C$11))*(D31-$C$11))+$C$9),(IF(D31<=$D$10,(((($D$8-$D$9)/($D$10-$D$11))*(D31-$D$11))+$D$9),IF(D31<=$E$10,(((($E$8-$E$9)/($E$10-$E$11))*(D31-$E$11))+$E$9),IF(D31<=$F$10,(((($F$8-$F$9)/($F$10-$F$11))*(D31-$F$11))+$F$9),IF(D31<=$G$10,(((($G$8-$G$9)/($G$10-$G$11))*(D31-$G$11))+$G$9),((((($H$8-$H$9)/($H$10-$H$11))*(D31-$H$11))+$H$9)))))))) -> #VALUE! | I31: =C181 -> 43958.917 | J31: =IF(D181<=$C$10,(((($C$8-$C$9)/($C$10-$C$11))*(D181-$C$11))+$C$9),(IF(D181<=$D$10,(((($D$8-$D$9)/($D$10-$D$11))*(D181-$D$11))+$D$9),IF(D181<=$E$10,(((($E$8-$E$9)/($E$10-$E$11))*(D181-$E$11))+$E$9),IF(D181<=$F$10,(((($F$8-$F$9)/($F$10-$F$11))*(D181-$F$11))+$F$9),IF(D181<=$G$10,(((($G$8-$G$9)/($G$10-$G$11))*(D181-$G$11))+$G$9),((((($H$8-$H$9)/($H$10-$H$11))*(D181-$H$11))+$H$9)))))))) -> #VALUE! | K31: =C331 -> 43965.167 | L31: =IF(D331<=$C$10,(((($C$8-$C$9)/($C$10-$C$11))*(D331-$C$11))+$C$9),(IF(D331<=$D$10,(((($D$8-$D$9)/($D$10-$D$11))*(D331-$D$11))+$D$9),IF(D331<=$E$10,(((($E$8-$E$9)/($E$10-$E$11))*(D331-$E$11))+$E$9),IF(D331<=$F$10,(((($F$8-$F$9)/($F$10-$F$11))*(D331-$F$11))+$F$9),IF(D331<=$G$10,(((($G$8-$G$9)/($G$10-$G$11))*(D331-$G$11))+$G$9),((((($H$8-$H$9)/($H$10-$H$11))*(D331-$H$11))+$H$9)))))))) -> #VALUE! | M31: =C481 -> 43971.417 | N31: =IF(D481<=$C$10,(((($C$8-$C$9)/($C$10-$C$11))*(D481-$C$11))+$C$9),(IF(D481<=$D$10,(((($D$8-$D$9)/($D$10-$D$11))*(D481-$D$11))+$D$9),IF(D481<=$E$10,(((($E$8-$E$9)/($E$10-$E$11))*(D481-$E$11))+$E$9),IF(D481<=$F$10,(((($F$8-$F$9)/($F$10-$F$11))*(D481-$F$11))+$F$9),IF(D481<=$G$10,(((($G$8-$G$9)/($G$10-$G$11))*(D481-$G$11))+$G$9),((((($H$8-$H$9)/($H$10-$H$11))*(D481-$H$11))+$H$9)))))))) -> #VALUE! | O31: =C631 -> 43977.667 | P31: =IF(D631<=$C$10,(((($C$8-$C$9)/($C$10-$C$11))*(D631-$C$11))+$C$9),(IF(D631<=$D$10,(((($D$8-$D$9)/($D$10-$D$11))*(D631-$D$11))+$D$9),IF(D631<=$E$10,(((($E$8-$E$9)/($E$10-$E$11))*(D631-$E$11))+$E$9),IF(D631<=$F$10,(((($F$8-$F$9)/($F$10-$F$11))*(D631-$F$11))+$F$9),IF(D631<=$G$10,(((($G$8-$G$9)/($G$10-$G$11))*(D631-$G$11))+$G$9),((((($H$8-$H$9)/($H$10-$H$11))*(D631-$H$11))+$H$9)))))))) -> #VALUE! | W31: =+IF(H31<=50.99,$J$712,IF(H31<=100.99,$J$713,IF(H31<=150.99,$J$714,IF(H31<=200.99,$J$715,IF(H31<=300.99,$J$716,IF(H31>300,$J$717,IF(ISTEXT(H31),"Descartada"))))))) -> #VALUE!
C32: 43952.708 | D32: ='COMPARACIÓN 1H'!E25 -> - | G32: =C32 -> 43952.708 | H32: =IF(D32<=$C$10,(((($C$8-$C$9)/($C$10-$C$11))*(D32-$C$11))+$C$9),(IF(D32<=$D$10,(((($D$8-$D$9)/($D$10-$D$11))*(D32-$D$11))+$D$9),IF(D32<=$E$10,(((($E$8-$E$9)/($E$10-$E$11))*(D32-$E$11))+$E$9),IF(D32<=$F$10,(((($F$8-$F$9)/($F$10-$F$11))*(D32-$F$11))+$F$9),IF(D32<=$G$10,(((($G$8-$G$9)/($G$10-$G$11))*(D32-$G$11))+$G$9),((((($H$8-$H$9)/($H$10-$H$11))*(D32-$H$11))+$H$9)))))))) -> #VALUE! | I32: =C182 -> 43958.958 | J32: =IF(D182<=$C$10,(((($C$8-$C$9)/($C$10-$C$11))*(D182-$C$11))+$C$9),(IF(D182<=$D$10,(((($D$8-$D$9)/($D$10-$D$11))*(D182-$D$11))+$D$9),IF(D182<=$E$10,(((($E$8-$E$9)/($E$10-$E$11))*(D182-$E$11))+$E$9),IF(D182<=$F$10,(((($F$8-$F$9)/($F$10-$F$11))*(D182-$F$11))+$F$9),IF(D182<=$G$10,(((($G$8-$G$9)/($G$10-$G$11))*(D182-$G$11))+$G$9),((((($H$8-$H$9)/($H$10-$H$11))*(D182-$H$11))+$H$9)))))))) -> #VALUE! | K32: =C332 -> 43965.208 | L32: =IF(D332<=$C$10,(((($C$8-$C$9)/($C$10-$C$11))*(D332-$C$11))+$C$9),(IF(D332<=$D$10,(((($D$8-$D$9)/($D$10-$D$11))*(D332-$D$11))+$D$9),IF(D332<=$E$10,(((($E$8-$E$9)/($E$10-$E$11))*(D332-$E$11))+$E$9),IF(D332<=$F$10,(((($F$8-$F$9)/($F$10-$F$11))*(D332-$F$11))+$F$9),IF(D332<=$G$10,(((($G$8-$G$9)/($G$10-$G$11))*(D332-$G$11))+$G$9),((((($H$8-$H$9)/($H$10-$H$11))*(D332-$H$11))+$H$9)))))))) -> #VALUE! | M32: =C482 -> 43971.458 | N32: =IF(D482<=$C$10,(((($C$8-$C$9)/($C$10-$C$11))*(D482-$C$11))+$C$9),(IF(D482<=$D$10,(((($D$8-$D$9)/($D$10-$D$11))*(D482-$D$11))+$D$9),IF(D482<=$E$10,(((($E$8-$E$9)/($E$10-$E$11))*(D482-$E$11))+$E$9),IF(D482<=$F$10,(((($F$8-$F$9)/($F$10-$F$11))*(D482-$F$11))+$F$9),IF(D482<=$G$10,(((($G$8-$G$9)/($G$10-$G$11))*(D482-$G$11))+$G$9),((((($H$8-$H$9)/($H$10-$H$11))*(D482-$H$11))+$H$9)))))))) -> #VALUE! | O32: =C632 -> 43977.708 | P32: =IF(D632<=$C$10,(((($C$8-$C$9)/($C$10-$C$11))*(D632-$C$11))+$C$9),(IF(D632<=$D$10,(((($D$8-$D$9)/($D$10-$D$11))*(D632-$D$11))+$D$9),IF(D632<=$E$10,(((($E$8-$E$9)/($E$10-$E$11))*(D632-$E$11))+$E$9),IF(D632<=$F$10,(((($F$8-$F$9)/($F$10-$F$11))*(D632-$F$11))+$F$9),IF(D632<=$G$10,(((($G$8-$G$9)/($G$10-$G$11))*(D632-$G$11))+$G$9),((((($H$8-$H$9)/($H$10-$H$11))*(D632-$H$11))+$H$9)))))))) -> #VALUE! | W32: =+IF(H32<=50.99,$J$712,IF(H32<=100.99,$J$713,IF(H32<=150.99,$J$714,IF(H32<=200.99,$J$715,IF(H32<=300.99,$J$716,IF(H32>300,$J$717,IF(ISTEXT(H32),"Descartada"))))))) -> #VALUE!
C33: 43952.75 | D33: ='COMPARACIÓN 1H'!E26 -> - | G33: =C33 -> 43952.75 | H33: =IF(D33<=$C$10,(((($C$8-$C$9)/($C$10-$C$11))*(D33-$C$11))+$C$9),(IF(D33<=$D$10,(((($D$8-$D$9)/($D$10-$D$11))*(D33-$D$11))+$D$9),IF(D33<=$E$10,(((($E$8-$E$9)/($E$10-$E$11))*(D33-$E$11))+$E$9),IF(D33<=$F$10,(((($F$8-$F$9)/($F$10-$F$11))*(D33-$F$11))+$F$9),IF(D33<=$G$10,(((($G$8-$G$9)/($G$10-$G$11))*(D33-$G$11))+$G$9),((((($H$8-$H$9)/($H$10-$H$11))*(D33-$H$11))+$H$9)))))))) -> #VALUE! | I33: =C183 -> 43959 | J33: =IF(D183<=$C$10,(((($C$8-$C$9)/($C$10-$C$11))*(D183-$C$11))+$C$9),(IF(D183<=$D$10,(((($D$8-$D$9)/($D$10-$D$11))*(D183-$D$11))+$D$9),IF(D183<=$E$10,(((($E$8-$E$9)/($E$10-$E$11))*(D183-$E$11))+$E$9),IF(D183<=$F$10,(((($F$8-$F$9)/($F$10-$F$11))*(D183-$F$11))+$F$9),IF(D183<=$G$10,(((($G$8-$G$9)/($G$10-$G$11))*(D183-$G$11))+$G$9),((((($H$8-$H$9)/($H$10-$H$11))*(D183-$H$11))+$H$9)))))))) -> #VALUE! | K33: =C333 -> 43965.25 | L33: =IF(D333<=$C$10,(((($C$8-$C$9)/($C$10-$C$11))*(D333-$C$11))+$C$9),(IF(D333<=$D$10,(((($D$8-$D$9)/($D$10-$D$11))*(D333-$D$11))+$D$9),IF(D333<=$E$10,(((($E$8-$E$9)/($E$10-$E$11))*(D333-$E$11))+$E$9),IF(D333<=$F$10,(((($F$8-$F$9)/($F$10-$F$11))*(D333-$F$11))+$F$9),IF(D333<=$G$10,(((($G$8-$G$9)/($G$10-$G$11))*(D333-$G$11))+$G$9),((((($H$8-$H$9)/($H$10-$H$11))*(D333-$H$11))+$H$9)))))))) -> #VALUE! | M33: =C483 -> 43971.5 | N33: =IF(D483<=$C$10,(((($C$8-$C$9)/($C$10-$C$11))*(D483-$C$11))+$C$9),(IF(D483<=$D$10,(((($D$8-$D$9)/($D$10-$D$11))*(D483-$D$11))+$D$9),IF(D483<=$E$10,(((($E$8-$E$9)/($E$10-$E$11))*(D483-$E$11))+$E$9),IF(D483<=$F$10,(((($F$8-$F$9)/($F$10-$F$11))*(D483-$F$11))+$F$9),IF(D483<=$G$10,(((($G$8-$G$9)/($G$10-$G$11))*(D483-$G$11))+$G$9),((((($H$8-$H$9)/($H$10-$H$11))*(D483-$H$11))+$H$9)))))))) -> #VALUE! | O33: =C633 -> 43977.75 | P33: =IF(D633<=$C$10,(((($C$8-$C$9)/($C$10-$C$11))*(D633-$C$11))+$C$9),(IF(D633<=$D$10,(((($D$8-$D$9)/($D$10-$D$11))*(D633-$D$11))+$D$9),IF(D633<=$E$10,(((($E$8-$E$9)/($E$10-$E$11))*(D633-$E$11))+$E$9),IF(D633<=$F$10,(((($F$8-$F$9)/($F$10-$F$11))*(D633-$F$11))+$F$9),IF(D633<=$G$10,(((($G$8-$G$9)/($G$10-$G$11))*(D633-$G$11))+$G$9),((((($H$8-$H$9)/($H$10-$H$11))*(D633-$H$11))+$H$9)))))))) -> #VALUE! | W33: =+IF(H33<=50.99,$J$712,IF(H33<=100.99,$J$713,IF(H33<=150.99,$J$714,IF(H33<=200.99,$J$715,IF(H33<=300.99,$J$716,IF(H33>300,$J$717,IF(ISTEXT(H33),"Descartada"))))))) -> #VALUE!
... C44: 43953.208 | D44: ='COMPARACIÓN 1H'!E37 -> - | G44: =C44 -> 43953.208 | H44: =IF(D44<=$C$10,(((($C$8-$C$9)/($C$10-$C$11))*(D44-$C$11))+$C$9),(IF(D44<=$D$10,(((($D$8-$D$9)/($D$10-$D$11))*(D44-$D$11))+$D$9),IF(D44<=$E$10,(((($E$8-$E$9)/($E$10-$E$11))*(D44-$E$11))+$E$9),IF(D44<=$F$10,(((($F$8-$F$9)/($F$10-$F$11))*(D44-$F$11))+$F$9),IF(D44<=$G$10,(((($G$8-$G$9)/($G$10-$G$11))*(D44-$G$11))+$G$9),((((($H$8-$H$9)/($H$10-$H$11))*(D44-$H$11))+$H$9)))))))) -> #VALUE! | I44: =C194 -> 43959.458 | J44: =IF(D194<=$C$10,(((($C$8-$C$9)/($C$10-$C$11))*(D194-$C$11))+$C$9),(IF(D194<=$D$10,(((($D$8-$D$9)/($D$10-$D$11))*(D194-$D$11))+$D$9),IF(D194<=$E$10,(((($E$8-$E$9)/($E$10-$E$11))*(D194-$E$11))+$E$9),IF(D194<=$F$10,(((($F$8-$F$9)/($F$10-$F$11))*(D194-$F$11))+$F$9),IF(D194<=$G$10,(((($G$8-$G$9)/($G$10-$G$11))*(D194-$G$11))+$G$9),((((($H$8-$H$9)/($H$10-$H$11))*(D194-$H$11))+$H$9)))))))) -> #VALUE! | K44: =C344 -> 43965.708 | L44: =IF(D344<=$C$10,(((($C$8-$C$9)/($C$10-$C$11))*(D344-$C$11))+$C$9),(IF(D344<=$D$10,(((($D$8-$D$9)/($D$10-$D$11))*(D344-$D$11))+$D$9),IF(D344<=$E$10,(((($E$8-$E$9)/($E$10-$E$11))*(D344-$E$11))+$E$9),IF(D344<=$F$10,(((($F$8-$F$9)/($F$10-$F$11))*(D344-$F$11))+$F$9),IF(D344<=$G$10,(((($G$8-$G$9)/($G$10-$G$11))*(D344-$G$11))+$G$9),((((($H$8-$H$9)/($H$10-$H$11))*(D344-$H$11))+$H$9)))))))) -> #VALUE! | M44: =C494 -> 43971.958 | N44: =IF(D494<=$C$10,(((($C$8-$C$9)/($C$10-$C$11))*(D494-$C$11))+$C$9),(IF(D494<=$D$10,(((($D$8-$D$9)/($D$10-$D$11))*(D494-$D$11))+$D$9),IF(D494<=$E$10,(((($E$8-$E$9)/($E$10-$E$11))*(D494-$E$11))+$E$9),IF(D494<=$F$10,(((($F$8-$F$9)/($F$10-$F$11))*(D494-$F$11))+$F$9),IF(D494<=$G$10,(((($G$8-$G$9)/($G$10-$G$11))*(D494-$G$11))+$G$9),((((($H$8-$H$9)/($H$10-$H$11))*(D494-$H$11))+$H$9)))))))) -> #VALUE! | O44: =C644 -> 43978.208 | P44: =IF(D644<=$C$10,(((($C$8-$C$9)/($C$10-$C$11))*(D644-$C$11))+$C$9),(IF(D644<=$D$10,(((($D$8-$D$9)/($D$10-$D$11))*(D644-$D$11))+$D$9),IF(D644<=$E$10,(((($E$8-$E$9)/($E$10-$E$11))*(D644-$E$11))+$E$9),IF(D644<=$F$10,(((($F$8-$F$9)/($F$10-$F$11))*(D644-$F$11))+$F$9),IF(D644<=$G$10,(((($G$8-$G$9)/($G$10-$G$11))*(D644-$G$11))+$G$9),((((($H$8-$H$9)/($H$10-$H$11))*(D644-$H$11))+$H$9)))))))) -> #VALUE! | W44: =+IF(H44<=50.99,$J$712,IF(H44<=100.99,$J$713,IF(H44<=150.99,$J$714,IF(H44<=200.99,$J$715,IF(H44<=300.99,$J$716,IF(H44>300,$J$717,IF(ISTEXT(H44),"Descartada"))))))) -> #VALUE!
C45: 43953.25 | D45: ='COMPARACIÓN 1H'!E38 -> - | G45: =C45 -> 43953.25 | H45: =IF(D45<=$C$10,(((($C$8-$C$9)/($C$10-$C$11))*(D45-$C$11))+$C$9),(IF(D45<=$D$10,(((($D$8-$D$9)/($D$10-$D$11))*(D45-$D$11))+$D$9),IF(D45<=$E$10,(((($E$8-$E$9)/($E$10-$E$11))*(D45-$E$11))+$E$9),IF(D45<=$F$10,(((($F$8-$F$9)/($F$10-$F$11))*(D45-$F$11))+$F$9),IF(D45<=$G$10,(((($G$8-$G$9)/($G$10-$G$11))*(D45-$G$11))+$G$9),((((($H$8-$H$9)/($H$10-$H$11))*(D45-$H$11))+$H$9)))))))) -> #VALUE! | I45: =C195 -> 43959.5 | J45: =IF(D195<=$C$10,(((($C$8-$C$9)/($C$10-$C$11))*(D195-$C$11))+$C$9),(IF(D195<=$D$10,(((($D$8-$D$9)/($D$10-$D$11))*(D195-$D$11))+$D$9),IF(D195<=$E$10,(((($E$8-$E$9)/($E$10-$E$11))*(D195-$E$11))+$E$9),IF(D195<=$F$10,(((($F$8-$F$9)/($F$10-$F$11))*(D195-$F$11))+$F$9),IF(D195<=$G$10,(((($G$8-$G$9)/($G$10-$G$11))*(D195-$G$11))+$G$9),((((($H$8-$H$9)/($H$10-$H$11))*(D195-$H$11))+$H$9)))))))) -> #VALUE! | K45: =C345 -> 43965.75 | L45: =IF(D345<=$C$10,(((($C$8-$C$9)/($C$10-$C$11))*(D345-$C$11))+$C$9),(IF(D345<=$D$10,(((($D$8-$D$9)/($D$10-$D$11))*(D345-$D$11))+$D$9),IF(D345<=$E$10,(((($E$8-$E$9)/($E$10-$E$11))*(D345-$E$11))+$E$9),IF(D345<=$F$10,(((($F$8-$F$9)/($F$10-$F$11))*(D345-$F$11))+$F$9),IF(D345<=$G$10,(((($G$8-$G$9)/($G$10-$G$11))*(D345-$G$11))+$G$9),((((($H$8-$H$9)/($H$10-$H$11))*(D345-$H$11))+$H$9)))))))) -> #VALUE! | M45: =C495 -> 43972 | N45: =IF(D495<=$C$10,(((($C$8-$C$9)/($C$10-$C$11))*(D495-$C$11))+$C$9),(IF(D495<=$D$10,(((($D$8-$D$9)/($D$10-$D$11))*(D495-$D$11))+$D$9),IF(D495<=$E$10,(((($E$8-$E$9)/($E$10-$E$11))*(D495-$E$11))+$E$9),IF(D495<=$F$10,(((($F$8-$F$9)/($F$10-$F$11))*(D495-$F$11))+$F$9),IF(D495<=$G$10,(((($G$8-$G$9)/($G$10-$G$11))*(D495-$G$11))+$G$9),((((($H$8-$H$9)/($H$10-$H$11))*(D495-$H$11))+$H$9)))))))) -> #VALUE! | O45: =C645 -> 43978.25 | P45: =IF(D645<=$C$10,(((($C$8-$C$9)/($C$10-$C$11))*(D645-$C$11))+$C$9),(IF(D645<=$D$10,(((($D$8-$D$9)/($D$10-$D$11))*(D645-$D$11))+$D$9),IF(D645<=$E$10,(((($E$8-$E$9)/($E$10-$E$11))*(D645-$E$11))+$E$9),IF(D645<=$F$10,(((($F$8-$F$9)/($F$10-$F$11))*(D645-$F$11))+$F$9),IF(D645<=$G$10,(((($G$8-$G$9)/($G$10-$G$11))*(D645-$G$11))+$G$9),((((($H$8-$H$9)/($H$10-$H$11))*(D645-$H$11))+$H$9)))))))) -> #VALUE! | W45: *
C46: 43953.292 | D46: ='COMPARACIÓN 1H'!E39 -> - | G46: =C46 -> 43953.292 | H46: =IF(D46<=$C$10,(((($C$8-$C$9)/($C$10-$C$11))*(D46-$C$11))+$C$9),(IF(D46<=$D$10,(((($D$8-$D$9)/($D$10-$D$11))*(D46-$D$11))+$D$9),IF(D46<=$E$10,(((($E$8-$E$9)/($E$10-$E$11))*(D46-$E$11))+$E$9),IF(D46<=$F$10,(((($F$8-$F$9)/($F$10-$F$11))*(D46-$F$11))+$F$9),IF(D46<=$G$10,(((($G$8-$G$9)/($G$10-$G$11))*(D46-$G$11))+$G$9),((((($H$8-$H$9)/($H$10-$H$11))*(D46-$H$11))+$H$9)))))))) -> #VALUE! | I46: =C196 -> 43959.542 | J46: =IF(D196<=$C$10,(((($C$8-$C$9)/($C$10-$C$11))*(D196-$C$11))+$C$9),(IF(D196<=$D$10,(((($D$8-$D$9)/($D$10-$D$11))*(D196-$D$11))+$D$9),IF(D196<=$E$10,(((($E$8-$E$9)/($E$10-$E$11))*(D196-$E$11))+$E$9),IF(D196<=$F$10,(((($F$8-$F$9)/($F$10-$F$11))*(D196-$F$11))+$F$9),IF(D196<=$G$10,(((($G$8-$G$9)/($G$10-$G$11))*(D196-$G$11))+$G$9),((((($H$8-$H$9)/($H$10-$H$11))*(D196-$H$11))+$H$9)))))))) -> #VALUE! | K46: =C346 -> 43965.792 | L46: =IF(D346<=$C$10,(((($C$8-$C$9)/($C$10-$C$11))*(D346-$C$11))+$C$9),(IF(D346<=$D$10,(((($D$8-$D$9)/($D$10-$D$11))*(D346-$D$11))+$D$9),IF(D346<=$E$10,(((($E$8-$E$9)/($E$10-$E$11))*(D346-$E$11))+$E$9),IF(D346<=$F$10,(((($F$8-$F$9)/($F$10-$F$11))*(D346-$F$11))+$F$9),IF(D346<=$G$10,(((($G$8-$G$9)/($G$10-$G$11))*(D346-$G$11))+$G$9),((((($H$8-$H$9)/($H$10-$H$11))*(D346-$H$11))+$H$9)))))))) -> #VALUE! | M46: =C496 -> 43972.042 | N46: =IF(D496<=$C$10,(((($C$8-$C$9)/($C$10-$C$11))*(D496-$C$11))+$C$9),(IF(D496<=$D$10,(((($D$8-$D$9)/($D$10-$D$11))*(D496-$D$11))+$D$9),IF(D496<=$E$10,(((($E$8-$E$9)/($E$10-$E$11))*(D496-$E$11))+$E$9),IF(D496<=$F$10,(((($F$8-$F$9)/($F$10-$F$11))*(D496-$F$11))+$F$9),IF(D496<=$G$10,(((($G$8-$G$9)/($G$10-$G$11))*(D496-$G$11))+$G$9),((((($H$8-$H$9)/($H$10-$H$11))*(D496-$H$11))+$H$9)))))))) -> #VALUE! | O46: =C646 -> 43978.292 | P46: =IF(D646<=$C$10,(((($C$8-$C$9)/($C$10-$C$11))*(D646-$C$11))+$C$9),(IF(D646<=$D$10,(((($D$8-$D$9)/($D$10-$D$11))*(D646-$D$11))+$D$9),IF(D646<=$E$10,(((($E$8-$E$9)/($E$10-$E$11))*(D646-$E$11))+$E$9),IF(D646<=$F$10,(((($F$8-$F$9)/($F$10-$F$11))*(D646-$F$11))+$F$9),IF(D646<=$G$10,(((($G$8-$G$9)/($G$10-$G$11))*(D646-$G$11))+$G$9),((((($H$8-$H$9)/($H$10-$H$11))*(D646-$H$11))+$H$9)))))))) -> #VALUE! | W46: =+IF(H46<=50.99,$J$712,IF(H46<=100.99,$J$713,IF(H46<=150.99,$J$714,IF(H46<=200.99,$J$715,IF(H46<=300.99,$J$716,IF(H46>300,$J$717,IF(ISTEXT(H46),"Descartada"))))))) -> #VALUE!
C47: 43953.333 | D47: ='COMPARACIÓN 1H'!E40 -> - | G47: =C47 -> 43953.333 | H47: =IF(D47<=$C$10,(((($C$8-$C$9)/($C$10-$C$11))*(D47-$C$11))+$C$9),(IF(D47<=$D$10,(((($D$8-$D$9)/($D$10-$D$11))*(D47-$D$11))+$D$9),IF(D47<=$E$10,(((($E$8-$E$9)/($E$10-$E$11))*(D47-$E$11))+$E$9),IF(D47<=$F$10,(((($F$8-$F$9)/($F$10-$F$11))*(D47-$F$11))+$F$9),IF(D47<=$G$10,(((($G$8-$G$9)/($G$10-$G$11))*(D47-$G$11))+$G$9),((((($H$8-$H$9)/($H$10-$H$11))*(D47-$H$11))+$H$9)))))))) -> #VALUE! | I47: =C197 -> 43959.583 | J47: =IF(D197<=$C$10,(((($C$8-$C$9)/($C$10-$C$11))*(D197-$C$11))+$C$9),(IF(D197<=$D$10,(((($D$8-$D$9)/($D$10-$D$11))*(D197-$D$11))+$D$9),IF(D197<=$E$10,(((($E$8-$E$9)/($E$10-$E$11))*(D197-$E$11))+$E$9),IF(D197<=$F$10,(((($F$8-$F$9)/($F$10-$F$11))*(D197-$F$11))+$F$9),IF(D197<=$G$10,(((($G$8-$G$9)/($G$10-$G$11))*(D197-$G$11))+$G$9),((((($H$8-$H$9)/($H$10-$H$11))*(D197-$H$11))+$H$9)))))))) -> #VALUE! | K47: =C347 -> 43965.833 | L47: =IF(D347<=$C$10,(((($C$8-$C$9)/($C$10-$C$11))*(D347-$C$11))+$C$9),(IF(D347<=$D$10,(((($D$8-$D$9)/($D$10-$D$11))*(D347-$D$11))+$D$9),IF(D347<=$E$10,(((($E$8-$E$9)/($E$10-$E$11))*(D347-$E$11))+$E$9),IF(D347<=$F$10,(((($F$8-$F$9)/($F$10-$F$11))*(D347-$F$11))+$F$9),IF(D347<=$G$10,(((($G$8-$G$9)/($G$10-$G$11))*(D347-$G$11))+$G$9),((((($H$8-$H$9)/($H$10-$H$11))*(D347-$H$11))+$H$9)))))))) -> #VALUE! | M47: =C497 -> 43972.083 | N47: =IF(D497<=$C$10,(((($C$8-$C$9)/($C$10-$C$11))*(D497-$C$11))+$C$9),(IF(D497<=$D$10,(((($D$8-$D$9)/($D$10-$D$11))*(D497-$D$11))+$D$9),IF(D497<=$E$10,(((($E$8-$E$9)/($E$10-$E$11))*(D497-$E$11))+$E$9),IF(D497<=$F$10,(((($F$8-$F$9)/($F$10-$F$11))*(D497-$F$11))+$F$9),IF(D497<=$G$10,(((($G$8-$G$9)/($G$10-$G$11))*(D497-$G$11))+$G$9),((((($H$8-$H$9)/($H$10-$H$11))*(D497-$H$11))+$H$9)))))))) -> #VALUE! | O47: =C647 -> 43978.333 | P47: =IF(D647<=$C$10,(((($C$8-$C$9)/($C$10-$C$11))*(D647-$C$11))+$C$9),(IF(D647<=$D$10,(((($D$8-$D$9)/($D$10-$D$11))*(D647-$D$11))+$D$9),IF(D647<=$E$10,(((($E$8-$E$9)/($E$10-$E$11))*(D647-$E$11))+$E$9),IF(D647<=$F$10,(((($F$8-$F$9)/($F$10-$F$11))*(D647-$F$11))+$F$9),IF(D647<=$G$10,(((($G$8-$G$9)/($G$10-$G$11))*(D647-$G$11))+$G$9),((((($H$8-$H$9)/($H$10-$H$11))*(D647-$H$11))+$H$9)))))))) -> #VALUE! | W47: =+IF(H47<=50.99,$J$712,IF(H47<=100.99,$J$713,IF(H47<=150.99,$J$714,IF(H47<=200.99,$J$715,IF(H47<=300.99,$J$716,IF(H47>300,$J$717,IF(ISTEXT(H47),"Descartada"))))))) -> #VALUE!
C48: 43953.375 | D48: ='COMPARACIÓN 1H'!E41 -> - | G48: =C48 -> 43953.375 | H48: =IF(D48<=$C$10,(((($C$8-$C$9)/($C$10-$C$11))*(D48-$C$11))+$C$9),(IF(D48<=$D$10,(((($D$8-$D$9)/($D$10-$D$11))*(D48-$D$11))+$D$9),IF(D48<=$E$10,(((($E$8-$E$9)/($E$10-$E$11))*(D48-$E$11))+$E$9),IF(D48<=$F$10,(((($F$8-$F$9)/($F$10-$F$11))*(D48-$F$11))+$F$9),IF(D48<=$G$10,(((($G$8-$G$9)/($G$10-$G$11))*(D48-$G$11))+$G$9),((((($H$8-$H$9)/($H$10-$H$11))*(D48-$H$11))+$H$9)))))))) -> #VALUE! | I48: =C198 -> 43959.625 | J48: =IF(D198<=$C$10,(((($C$8-$C$9)/($C$10-$C$11))*(D198-$C$11))+$C$9),(IF(D198<=$D$10,(((($D$8-$D$9)/($D$10-$D$11))*(D198-$D$11))+$D$9),IF(D198<=$E$10,(((($E$8-$E$9)/($E$10-$E$11))*(D198-$E$11))+$E$9),IF(D198<=$F$10,(((($F$8-$F$9)/($F$10-$F$11))*(D198-$F$11))+$F$9),IF(D198<=$G$10,(((($G$8-$G$9)/($G$10-$G$11))*(D198-$G$11))+$G$9),((((($H$8-$H$9)/($H$10-$H$11))*(D198-$H$11))+$H$9)))))))) -> #VALUE! | K48: =C348 -> 43965.875 | L48: =IF(D348<=$C$10,(((($C$8-$C$9)/($C$10-$C$11))*(D348-$C$11))+$C$9),(IF(D348<=$D$10,(((($D$8-$D$9)/($D$10-$D$11))*(D348-$D$11))+$D$9),IF(D348<=$E$10,(((($E$8-$E$9)/($E$10-$E$11))*(D348-$E$11))+$E$9),IF(D348<=$F$10,(((($F$8-$F$9)/($F$10-$F$11))*(D348-$F$11))+$F$9),IF(D348<=$G$10,(((($G$8-$G$9)/($G$10-$G$11))*(D348-$G$11))+$G$9),((((($H$8-$H$9)/($H$10-$H$11))*(D348-$H$11))+$H$9)))))))) -> #VALUE! | M48: =C498 -> 43972.125 | N48: =IF(D498<=$C$10,(((($C$8-$C$9)/($C$10-$C$11))*(D498-$C$11))+$C$9),(IF(D498<=$D$10,(((($D$8-$D$9)/($D$10-$D$11))*(D498-$D$11))+$D$9),IF(D498<=$E$10,(((($E$8-$E$9)/($E$10-$E$11))*(D498-$E$11))+$E$9),IF(D498<=$F$10,(((($F$8-$F$9)/($F$10-$F$11))*(D498-$F$11))+$F$9),IF(D498<=$G$10,(((($G$8-$G$9)/($G$10-$G$11))*(D498-$G$11))+$G$9),((((($H$8-$H$9)/($H$10-$H$11))*(D498-$H$11))+$H$9)))))))) -> #VALUE! | O48: =C648 -> 43978.375 | P48: =IF(D648<=$C$10,(((($C$8-$C$9)/($C$10-$C$11))*(D648-$C$11))+$C$9),(IF(D648<=$D$10,(((($D$8-$D$9)/($D$10-$D$11))*(D648-$D$11))+$D$9),IF(D648<=$E$10,(((($E$8-$E$9)/($E$10-$E$11))*(D648-$E$11))+$E$9),IF(D648<=$F$10,(((($F$8-$F$9)/($F$10-$F$11))*(D648-$F$11))+$F$9),IF(D648<=$G$10,(((($G$8-$G$9)/($G$10-$G$11))*(D648-$G$11))+$G$9),((((($H$8-$H$9)/($H$10-$H$11))*(D648-$H$11))+$H$9)))))))) -> #VALUE! | W48: =+IF(H48<=50.99,$J$712,IF(H48<=100.99,$J$713,IF(H48<=150.99,$J$714,IF(H48<=200.99,$J$715,IF(H48<=300.99,$J$716,IF(H48>300,$J$717,IF(ISTEXT(H48),"Descartada"))))))) -> #VALUE!
C49: 43953.417 | D49: ='COMPARACIÓN 1H'!E42 -> - | G49: =C49 -> 43953.417 | H49: =IF(D49<=$C$10,(((($C$8-$C$9)/($C$10-$C$11))*(D49-$C$11))+$C$9),(IF(D49<=$D$10,(((($D$8-$D$9)/($D$10-$D$11))*(D49-$D$11))+$D$9),IF(D49<=$E$10,(((($E$8-$E$9)/($E$10-$E$11))*(D49-$E$11))+$E$9),IF(D49<=$F$10,(((($F$8-$F$9)/($F$10-$F$11))*(D49-$F$11))+$F$9),IF(D49<=$G$10,(((($G$8-$G$9)/($G$10-$G$11))*(D49-$G$11))+$G$9),((((($H$8-$H$9)/($H$10-$H$11))*(D49-$H$11))+$H$9)))))))) -> #VALUE! | I49: =C199 -> 43959.667 | J49: =IF(D199<=$C$10,(((($C$8-$C$9)/($C$10-$C$11))*(D199-$C$11))+$C$9),(IF(D199<=$D$10,(((($D$8-$D$9)/($D$10-$D$11))*(D199-$D$11))+$D$9),IF(D199<=$E$10,(((($E$8-$E$9)/($E$10-$E$11))*(D199-$E$11))+$E$9),IF(D199<=$F$10,(((($F$8-$F$9)/($F$10-$F$11))*(D199-$F$11))+$F$9),IF(D199<=$G$10,(((($G$8-$G$9)/($G$10-$G$11))*(D199-$G$11))+$G$9),((((($H$8-$H$9)/($H$10-$H$11))*(D199-$H$11))+$H$9)))))))) -> #VALUE! | K49: =C349 -> 43965.917 | L49: =IF(D349<=$C$10,(((($C$8-$C$9)/($C$10-$C$11))*(D349-$C$11))+$C$9),(IF(D349<=$D$10,(((($D$8-$D$9)/($D$10-$D$11))*(D349-$D$11))+$D$9),IF(D349<=$E$10,(((($E$8-$E$9)/($E$10-$E$11))*(D349-$E$11))+$E$9),IF(D349<=$F$10,(((($F$8-$F$9)/($F$10-$F$11))*(D349-$F$11))+$F$9),IF(D349<=$G$10,(((($G$8-$G$9)/($G$10-$G$11))*(D349-$G$11))+$G$9),((((($H$8-$H$9)/($H$10-$H$11))*(D349-$H$11))+$H$9)))))))) -> #VALUE! | M49: =C499 -> 43972.167 | N49: =IF(D499<=$C$10,(((($C$8-$C$9)/($C$10-$C$11))*(D499-$C$11))+$C$9),(IF(D499<=$D$10,(((($D$8-$D$9)/($D$10-$D$11))*(D499-$D$11))+$D$9),IF(D499<=$E$10,(((($E$8-$E$9)/($E$10-$E$11))*(D499-$E$11))+$E$9),IF(D499<=$F$10,(((($F$8-$F$9)/($F$10-$F$11))*(D499-$F$11))+$F$9),IF(D499<=$G$10,(((($G$8-$G$9)/($G$10-$G$11))*(D499-$G$11))+$G$9),((((($H$8-$H$9)/($H$10-$H$11))*(D499-$H$11))+$H$9)))))))) -> #VALUE! | O49: =C649 -> 43978.417 | P49: =IF(D649<=$C$10,(((($C$8-$C$9)/($C$10-$C$11))*(D649-$C$11))+$C$9),(IF(D649<=$D$10,(((($D$8-$D$9)/($D$10-$D$11))*(D649-$D$11))+$D$9),IF(D649<=$E$10,(((($E$8-$E$9)/($E$10-$E$11))*(D649-$E$11))+$E$9),IF(D649<=$F$10,(((($F$8-$F$9)/($F$10-$F$11))*(D649-$F$11))+$F$9),IF(D649<=$G$10,(((($G$8-$G$9)/($G$10-$G$11))*(D649-$G$11))+$G$9),((((($H$8-$H$9)/($H$10-$H$11))*(D649-$H$11))+$H$9)))))))) -> #VALUE! | W49: =+IF(H49<=50.99,$J$712,IF(H49<=100.99,$J$713,IF(H49<=150.99,$J$714,IF(H49<=200.99,$J$715,IF(H49<=300.99,$J$716,IF(H49>300,$J$717,IF(ISTEXT(H49),"Descartada"))))))) -> #VALUE!
C50: 43953.458 | D50: ='COMPARACIÓN 1H'!E43 -> - | G50: =C50 -> 43953.458 | H50: =IF(D50<=$C$10,(((($C$8-$C$9)/($C$10-$C$11))*(D50-$C$11))+$C$9),(IF(D50<=$D$10,(((($D$8-$D$9)/($D$10-$D$11))*(D50-$D$11))+$D$9),IF(D50<=$E$10,(((($E$8-$E$9)/($E$10-$E$11))*(D50-$E$11))+$E$9),IF(D50<=$F$10,(((($F$8-$F$9)/($F$10-$F$11))*(D50-$F$11))+$F$9),IF(D50<=$G$10,(((($G$8-$G$9)/($G$10-$G$11))*(D50-$G$11))+$G$9),((((($H$8-$H$9)/($H$10-$H$11))*(D50-$H$11))+$H$9)))))))) -> #VALUE! | I50: =C200 -> 43959.708 | J50: =IF(D200<=$C$10,(((($C$8-$C$9)/($C$10-$C$11))*(D200-$C$11))+$C$9),(IF(D200<=$D$10,(((($D$8-$D$9)/($D$10-$D$11))*(D200-$D$11))+$D$9),IF(D200<=$E$10,(((($E$8-$E$9)/($E$10-$E$11))*(D200-$E$11))+$E$9),IF(D200<=$F$10,(((($F$8-$F$9)/($F$10-$F$11))*(D200-$F$11))+$F$9),IF(D200<=$G$10,(((($G$8-$G$9)/($G$10-$G$11))*(D200-$G$11))+$G$9),((((($H$8-$H$9)/($H$10-$H$11))*(D200-$H$11))+$H$9)))))))) -> #VALUE! | K50: =C350 -> 43965.958 | L50: =IF(D350<=$C$10,(((($C$8-$C$9)/($C$10-$C$11))*(D350-$C$11))+$C$9),(IF(D350<=$D$10,(((($D$8-$D$9)/($D$10-$D$11))*(D350-$D$11))+$D$9),IF(D350<=$E$10,(((($E$8-$E$9)/($E$10-$E$11))*(D350-$E$11))+$E$9),IF(D350<=$F$10,(((($F$8-$F$9)/($F$10-$F$11))*(D350-$F$11))+$F$9),IF(D350<=$G$10,(((($G$8-$G$9)/($G$10-$G$11))*(D350-$G$11))+$G$9),((((($H$8-$H$9)/($H$10-$H$11))*(D350-$H$11))+$H$9)))))))) -> #VALUE! | M50: =C500 -> 43972.208 | N50: =IF(D500<=$C$10,(((($C$8-$C$9)/($C$10-$C$11))*(D500-$C$11))+$C$9),(IF(D500<=$D$10,(((($D$8-$D$9)/($D$10-$D$11))*(D500-$D$11))+$D$9),IF(D500<=$E$10,(((($E$8-$E$9)/($E$10-$E$11))*(D500-$E$11))+$E$9),IF(D500<=$F$10,(((($F$8-$F$9)/($F$10-$F$11))*(D500-$F$11))+$F$9),IF(D500<=$G$10,(((($G$8-$G$9)/($G$10-$G$11))*(D500-$G$11))+$G$9),((((($H$8-$H$9)/($H$10-$H$11))*(D500-$H$11))+$H$9)))))))) -> #VALUE! | O50: =C650 -> 43978.458 | P50: =IF(D650<=$C$10,(((($C$8-$C$9)/($C$10-$C$11))*(D650-$C$11))+$C$9),(IF(D650<=$D$10,(((($D$8-$D$9)/($D$10-$D$11))*(D650-$D$11))+$D$9),IF(D650<=$E$10,(((($E$8-$E$9)/($E$10-$E$11))*(D650-$E$11))+$E$9),IF(D650<=$F$10,(((($F$8-$F$9)/($F$10-$F$11))*(D650-$F$11))+$F$9),IF(D650<=$G$10,(((($G$8-$G$9)/($G$10-$G$11))*(D650-$G$11))+$G$9),((((($H$8-$H$9)/($H$10-$H$11))*(D650-$H$11))+$H$9)))))))) -> #VALUE! | W50: =+IF(H50<=50.99,$J$712,IF(H50<=100.99,$J$713,IF(H50<=150.99,$J$714,IF(H50<=200.99,$J$715,IF(H50<=300.99,$J$716,IF(H50>300,$J$717,IF(ISTEXT(H50),"Descartada"))))))) -> #VALUE!
C51: 43953.5 | D51: ='COMPARACIÓN 1H'!E44 -> - | G51: =C51 -> 43953.5 | H51: =IF(D51<=$C$10,(((($C$8-$C$9)/($C$10-$C$11))*(D51-$C$11))+$C$9),(IF(D51<=$D$10,(((($D$8-$D$9)/($D$10-$D$11))*(D51-$D$11))+$D$9),IF(D51<=$E$10,(((($E$8-$E$9)/($E$10-$E$11))*(D51-$E$11))+$E$9),IF(D51<=$F$10,(((($F$8-$F$9)/($F$10-$F$11))*(D51-$F$11))+$F$9),IF(D51<=$G$10,(((($G$8-$G$9)/($G$10-$G$11))*(D51-$G$11))+$G$9),((((($H$8-$H$9)/($H$10-$H$11))*(D51-$H$11))+$H$9)))))))) -> #VALUE! | I51: =C201 -> 43959.75 | J51: =IF(D201<=$C$10,(((($C$8-$C$9)/($C$10-$C$11))*(D201-$C$11))+$C$9),(IF(D201<=$D$10,(((($D$8-$D$9)/($D$10-$D$11))*(D201-$D$11))+$D$9),IF(D201<=$E$10,(((($E$8-$E$9)/($E$10-$E$11))*(D201-$E$11))+$E$9),IF(D201<=$F$10,(((($F$8-$F$9)/($F$10-$F$11))*(D201-$F$11))+$F$9),IF(D201<=$G$10,(((($G$8-$G$9)/($G$10-$G$11))*(D201-$G$11))+$G$9),((((($H$8-$H$9)/($H$10-$H$11))*(D201-$H$11))+$H$9)))))))) -> #VALUE! | K51: =C351 -> 43966 | L51: =IF(D351<=$C$10,(((($C$8-$C$9)/($C$10-$C$11))*(D351-$C$11))+$C$9),(IF(D351<=$D$10,(((($D$8-$D$9)/($D$10-$D$11))*(D351-$D$11))+$D$9),IF(D351<=$E$10,(((($E$8-$E$9)/($E$10-$E$11))*(D351-$E$11))+$E$9),IF(D351<=$F$10,(((($F$8-$F$9)/($F$10-$F$11))*(D351-$F$11))+$F$9),IF(D351<=$G$10,(((($G$8-$G$9)/($G$10-$G$11))*(D351-$G$11))+$G$9),((((($H$8-$H$9)/($H$10-$H$11))*(D351-$H$11))+$H$9)))))))) -> #VALUE! | M51: =C501 -> 43972.25 | N51: =IF(D501<=$C$10,(((($C$8-$C$9)/($C$10-$C$11))*(D501-$C$11))+$C$9),(IF(D501<=$D$10,(((($D$8-$D$9)/($D$10-$D$11))*(D501-$D$11))+$D$9),IF(D501<=$E$10,(((($E$8-$E$9)/($E$10-$E$11))*(D501-$E$11))+$E$9),IF(D501<=$F$10,(((($F$8-$F$9)/($F$10-$F$11))*(D501-$F$11))+$F$9),IF(D501<=$G$10,(((($G$8-$G$9)/($G$10-$G$11))*(D501-$G$11))+$G$9),((((($H$8-$H$9)/($H$10-$H$11))*(D501-$H$11))+$H$9)))))))) -> #VALUE! | O51: =C651 -> 43978.5 | P51: =IF(D651<=$C$10,(((($C$8-$C$9)/($C$10-$C$11))*(D651-$C$11))+$C$9),(IF(D651<=$D$10,(((($D$8-$D$9)/($D$10-$D$11))*(D651-$D$11))+$D$9),IF(D651<=$E$10,(((($E$8-$E$9)/($E$10-$E$11))*(D651-$E$11))+$E$9),IF(D651<=$F$10,(((($F$8-$F$9)/($F$10-$F$11))*(D651-$F$11))+$F$9),IF(D651<=$G$10,(((($G$8-$G$9)/($G$10-$G$11))*(D651-$G$11))+$G$9),((((($H$8-$H$9)/($H$10-$H$11))*(D651-$H$11))+$H$9)))))))) -> #VALUE! | W51: =+IF(H51<=50.99,$J$712,IF(H51<=100.99,$J$713,IF(H51<=150.99,$J$714,IF(H51<=200.99,$J$715,IF(H51<=300.99,$J$716,IF(H51>300,$J$717,IF(ISTEXT(H51),"Descartada"))))))) -> #VALUE!
C52: 43953.542 | D52: ='COMPARACIÓN 1H'!E45 -> - | G52: =C52 -> 43953.542 | H52: =IF(D52<=$C$10,(((($C$8-$C$9)/($C$10-$C$11))*(D52-$C$11))+$C$9),(IF(D52<=$D$10,(((($D$8-$D$9)/($D$10-$D$11))*(D52-$D$11))+$D$9),IF(D52<=$E$10,(((($E$8-$E$9)/($E$10-$E$11))*(D52-$E$11))+$E$9),IF(D52<=$F$10,(((($F$8-$F$9)/($F$10-$F$11))*(D52-$F$11))+$F$9),IF(D52<=$G$10,(((($G$8-$G$9)/($G$10-$G$11))*(D52-$G$11))+$G$9),((((($H$8-$H$9)/($H$10-$H$11))*(D52-$H$11))+$H$9)))))))) -> #VALUE! | I52: =C202 -> 43959.792 | J52: =IF(D202<=$C$10,(((($C$8-$C$9)/($C$10-$C$11))*(D202-$C$11))+$C$9),(IF(D202<=$D$10,(((($D$8-$D$9)/($D$10-$D$11))*(D202-$D$11))+$D$9),IF(D202<=$E$10,(((($E$8-$E$9)/($E$10-$E$11))*(D202-$E$11))+$E$9),IF(D202<=$F$10,(((($F$8-$F$9)/($F$10-$F$11))*(D202-$F$11))+$F$9),IF(D202<=$G$10,(((($G$8-$G$9)/($G$10-$G$11))*(D202-$G$11))+$G$9),((((($H$8-$H$9)/($H$10-$H$11))*(D202-$H$11))+$H$9)))))))) -> #VALUE! | K52: =C352 -> 43966.042 | L52: =IF(D352<=$C$10,(((($C$8-$C$9)/($C$10-$C$11))*(D352-$C$11))+$C$9),(IF(D352<=$D$10,(((($D$8-$D$9)/($D$10-$D$11))*(D352-$D$11))+$D$9),IF(D352<=$E$10,(((($E$8-$E$9)/($E$10-$E$11))*(D352-$E$11))+$E$9),IF(D352<=$F$10,(((($F$8-$F$9)/($F$10-$F$11))*(D352-$F$11))+$F$9),IF(D352<=$G$10,(((($G$8-$G$9)/($G$10-$G$11))*(D352-$G$11))+$G$9),((((($H$8-$H$9)/($H$10-$H$11))*(D352-$H$11))+$H$9)))))))) -> #VALUE! | M52: =C502 -> 43972.292 | N52: =IF(D502<=$C$10,(((($C$8-$C$9)/($C$10-$C$11))*(D502-$C$11))+$C$9),(IF(D502<=$D$10,(((($D$8-$D$9)/($D$10-$D$11))*(D502-$D$11))+$D$9),IF(D502<=$E$10,(((($E$8-$E$9)/($E$10-$E$11))*(D502-$E$11))+$E$9),IF(D502<=$F$10,(((($F$8-$F$9)/($F$10-$F$11))*(D502-$F$11))+$F$9),IF(D502<=$G$10,(((($G$8-$G$9)/($G$10-$G$11))*(D502-$G$11))+$G$9),((((($H$8-$H$9)/($H$10-$H$11))*(D502-$H$11))+$H$9)))))))) -> #VALUE! | O52: =C652 -> 43978.542 | P52: =IF(D652<=$C$10,(((($C$8-$C$9)/($C$10-$C$11))*(D652-$C$11))+$C$9),(IF(D652<=$D$10,(((($D$8-$D$9)/($D$10-$D$11))*(D652-$D$11))+$D$9),IF(D652<=$E$10,(((($E$8-$E$9)/($E$10-$E$11))*(D652-$E$11))+$E$9),IF(D652<=$F$10,(((($F$8-$F$9)/($F$10-$F$11))*(D652-$F$11))+$F$9),IF(D652<=$G$10,(((($G$8-$G$9)/($G$10-$G$11))*(D652-$G$11))+$G$9),((((($H$8-$H$9)/($H$10-$H$11))*(D652-$H$11))+$H$9)))))))) -> #VALUE! | W52: =+IF(H52<=50.99,$J$712,IF(H52<=100.99,$J$713,IF(H52<=150.99,$J$714,IF(H52<=200.99,$J$715,IF(H52<=300.99,$J$716,IF(H52>300,$J$717,IF(ISTEXT(H52),"Descartada"))))))) -> #VALUE!
C53: 43953.583 | D53: ='COMPARACIÓN 1H'!E46 -> - | G53: =C53 -> 43953.583 | H53: =IF(D53<=$C$10,(((($C$8-$C$9)/($C$10-$C$11))*(D53-$C$11))+$C$9),(IF(D53<=$D$10,(((($D$8-$D$9)/($D$10-$D$11))*(D53-$D$11))+$D$9),IF(D53<=$E$10,(((($E$8-$E$9)/($E$10-$E$11))*(D53-$E$11))+$E$9),IF(D53<=$F$10,(((($F$8-$F$9)/($F$10-$F$11))*(D53-$F$11))+$F$9),IF(D53<=$G$10,(((($G$8-$G$9)/($G$10-$G$11))*(D53-$G$11))+$G$9),((((($H$8-$H$9)/($H$10-$H$11))*(D53-$H$11))+$H$9)))))))) -> #VALUE! | I53: =C203 -> 43959.833 | J53: =IF(D203<=$C$10,(((($C$8-$C$9)/($C$10-$C$11))*(D203-$C$11))+$C$9),(IF(D203<=$D$10,(((($D$8-$D$9)/($D$10-$D$11))*(D203-$D$11))+$D$9),IF(D203<=$E$10,(((($E$8-$E$9)/($E$10-$E$11))*(D203-$E$11))+$E$9),IF(D203<=$F$10,(((($F$8-$F$9)/($F$10-$F$11))*(D203-$F$11))+$F$9),IF(D203<=$G$10,(((($G$8-$G$9)/($G$10-$G$11))*(D203-$G$11))+$G$9),((((($H$8-$H$9)/($H$10-$H$11))*(D203-$H$11))+$H$9)))))))) -> #VALUE! | K53: =C353 -> 43966.083 | L53: =IF(D353<=$C$10,(((($C$8-$C$9)/($C$10-$C$11))*(D353-$C$11))+$C$9),(IF(D353<=$D$10,(((($D$8-$D$9)/($D$10-$D$11))*(D353-$D$11))+$D$9),IF(D353<=$E$10,(((($E$8-$E$9)/($E$10-$E$11))*(D353-$E$11))+$E$9),IF(D353<=$F$10,(((($F$8-$F$9)/($F$10-$F$11))*(D353-$F$11))+$F$9),IF(D353<=$G$10,(((($G$8-$G$9)/($G$10-$G$11))*(D353-$G$11))+$G$9),((((($H$8-$H$9)/($H$10-$H$11))*(D353-$H$11))+$H$9)))))))) -> #VALUE! | M53: =C503 -> 43972.333 | N53: =IF(D503<=$C$10,(((($C$8-$C$9)/($C$10-$C$11))*(D503-$C$11))+$C$9),(IF(D503<=$D$10,(((($D$8-$D$9)/($D$10-$D$11))*(D503-$D$11))+$D$9),IF(D503<=$E$10,(((($E$8-$E$9)/($E$10-$E$11))*(D503-$E$11))+$E$9),IF(D503<=$F$10,(((($F$8-$F$9)/($F$10-$F$11))*(D503-$F$11))+$F$9),IF(D503<=$G$10,(((($G$8-$G$9)/($G$10-$G$11))*(D503-$G$11))+$G$9),((((($H$8-$H$9)/($H$10-$H$11))*(D503-$H$11))+$H$9)))))))) -> #VALUE! | O53: =C653 -> 43978.583 | P53: =IF(D653<=$C$10,(((($C$8-$C$9)/($C$10-$C$11))*(D653-$C$11))+$C$9),(IF(D653<=$D$10,(((($D$8-$D$9)/($D$10-$D$11))*(D653-$D$11))+$D$9),IF(D653<=$E$10,(((($E$8-$E$9)/($E$10-$E$11))*(D653-$E$11))+$E$9),IF(D653<=$F$10,(((($F$8-$F$9)/($F$10-$F$11))*(D653-$F$11))+$F$9),IF(D653<=$G$10,(((($G$8-$G$9)/($G$10-$G$11))*(D653-$G$11))+$G$9),((((($H$8-$H$9)/($H$10-$H$11))*(D653-$H$11))+$H$9)))))))) -> #VALUE! | W53: =+IF(H53<=50.99,$J$712,IF(H53<=100.99,$J$713,IF(H53<=150.99,$J$714,IF(H53<=200.99,$J$715,IF(H53<=300.99,$J$716,IF(H53>300,$J$717,IF(ISTEXT(H53),"Descartada"))))))) -> #VALUE!
C54: 43953.625 | D54: ='COMPARACIÓN 1H'!E47 -> - | G54: =C54 -> 43953.625 | H54: =IF(D54<=$C$10,(((($C$8-$C$9)/($C$10-$C$11))*(D54-$C$11))+$C$9),(IF(D54<=$D$10,(((($D$8-$D$9)/($D$10-$D$11))*(D54-$D$11))+$D$9),IF(D54<=$E$10,(((($E$8-$E$9)/($E$10-$E$11))*(D54-$E$11))+$E$9),IF(D54<=$F$10,(((($F$8-$F$9)/($F$10-$F$11))*(D54-$F$11))+$F$9),IF(D54<=$G$10,(((($G$8-$G$9)/($G$10-$G$11))*(D54-$G$11))+$G$9),((((($H$8-$H$9)/($H$10-$H$11))*(D54-$H$11))+$H$9)))))))) -> #VALUE! | I54: =C204 -> 43959.875 | J54: =IF(D204<=$C$10,(((($C$8-$C$9)/($C$10-$C$11))*(D204-$C$11))+$C$9),(IF(D204<=$D$10,(((($D$8-$D$9)/($D$10-$D$11))*(D204-$D$11))+$D$9),IF(D204<=$E$10,(((($E$8-$E$9)/($E$10-$E$11))*(D204-$E$11))+$E$9),IF(D204<=$F$10,(((($F$8-$F$9)/($F$10-$F$11))*(D204-$F$11))+$F$9),IF(D204<=$G$10,(((($G$8-$G$9)/($G$10-$G$11))*(D204-$G$11))+$G$9),((((($H$8-$H$9)/($H$10-$H$11))*(D204-$H$11))+$H$9)))))))) -> #VALUE! | K54: =C354 -> 43966.125 | L54: =IF(D354<=$C$10,(((($C$8-$C$9)/($C$10-$C$11))*(D354-$C$11))+$C$9),(IF(D354<=$D$10,(((($D$8-$D$9)/($D$10-$D$11))*(D354-$D$11))+$D$9),IF(D354<=$E$10,(((($E$8-$E$9)/($E$10-$E$11))*(D354-$E$11))+$E$9),IF(D354<=$F$10,(((($F$8-$F$9)/($F$10-$F$11))*(D354-$F$11))+$F$9),IF(D354<=$G$10,(((($G$8-$G$9)/($G$10-$G$11))*(D354-$G$11))+$G$9),((((($H$8-$H$9)/($H$10-$H$11))*(D354-$H$11))+$H$9)))))))) -> #VALUE! | M54: =C504 -> 43972.375 | N54: =IF(D504<=$C$10,(((($C$8-$C$9)/($C$10-$C$11))*(D504-$C$11))+$C$9),(IF(D504<=$D$10,(((($D$8-$D$9)/($D$10-$D$11))*(D504-$D$11))+$D$9),IF(D504<=$E$10,(((($E$8-$E$9)/($E$10-$E$11))*(D504-$E$11))+$E$9),IF(D504<=$F$10,(((($F$8-$F$9)/($F$10-$F$11))*(D504-$F$11))+$F$9),IF(D504<=$G$10,(((($G$8-$G$9)/($G$10-$G$11))*(D504-$G$11))+$G$9),((((($H$8-$H$9)/($H$10-$H$11))*(D504-$H$11))+$H$9)))))))) -> #VALUE! | O54: =C654 -> 43978.625 | P54: =IF(D654<=$C$10,(((($C$8-$C$9)/($C$10-$C$11))*(D654-$C$11))+$C$9),(IF(D654<=$D$10,(((($D$8-$D$9)/($D$10-$D$11))*(D654-$D$11))+$D$9),IF(D654<=$E$10,(((($E$8-$E$9)/($E$10-$E$11))*(D654-$E$11))+$E$9),IF(D654<=$F$10,(((($F$8-$F$9)/($F$10-$F$11))*(D654-$F$11))+$F$9),IF(D654<=$G$10,(((($G$8-$G$9)/($G$10-$G$11))*(D654-$G$11))+$G$9),((((($H$8-$H$9)/($H$10-$H$11))*(D654-$H$11))+$H$9)))))))) -> #VALUE! | W54: =+IF(H54<=50.99,$J$712,IF(H54<=100.99,$J$713,IF(H54<=150.99,$J$714,IF(H54<=200.99,$J$715,IF(H54<=300.99,$J$716,IF(H54>300,$J$717,IF(ISTEXT(H54),"Descartada"))))))) -> #VALUE!
